t,E_soc_kWh,P_batt_kW,F_fr_kW,d_grid_kW,cost_e_usd,rev_fr_usd,net_cost_usd,L_kW,pi_e_per_kWh,pi_f_per_kW,alpha
0,250.0,-0.0,1000.0,8932.0,0.0,10.17,-10.17,8932.0,0.03329,0.01017,0.0
1,250.0,123.7808,876.2192,10234.959,-1.962938,4.83673,-6.799668,10300.0,0.03018,0.00552,0.067038
2,184.959,-88.3697,911.6303,9107.6272,-2.207386,5.032199,-7.239585,9182.0,0.02968,0.00552,-0.178518
3,110.5861,-0.0,1000.0,9617.2106,0.91135,5.52,-4.60865,9586.0,0.0292,0.00552,0.031211
4,141.7968,-0.0,1000.0,9748.3322,6.74643,5.52,1.22643,9518.0,0.02929,0.00552,0.230332
5,372.129,-166.1762,244.7949,8981.3915,3.05522,1.351268,1.703952,8878.0,0.02955,0.00552,-0.256479
6,475.5205,333.8238,244.7949,10234.959,-14.672364,1.725804,-16.398168,10686.0,0.03253,0.00705,-0.478838
7,24.4795,-476.7929,244.7949,9733.7649,12.921722,2.428365,10.493357,9338.0,0.03265,0.00992,-0.331004
8,420.2443,-202.4434,797.5566,10234.959,-1.710895,5.223995,-6.93489,10286.0,0.03352,0.00655,-0.317826
9,369.2033,-233.1015,766.8985,9271.4615,1.617963,5.023185,-3.405222,9224.0,0.03409,0.00655,-0.242066
10,416.6648,-166.6484,833.3516,10234.959,-4.843349,5.041777,-9.885126,10376.0,0.03434,0.00605,-0.369219
11,275.6238,-81.9585,918.0415,8729.3509,0.18375,5.554151,-5.370401,8724.0,0.03434,0.00605,-0.083447
12,280.9747,-86.6823,634.6499,9857.5603,5.295273,3.839632,1.455641,9702.0,0.03404,0.00605,0.108529
13,436.535,413.3177,586.6823,10234.959,-11.650248,3.549428,-15.199676,10592.0,0.03263,0.00605,0.095924
14,79.494,-124.4288,705.0536,9462.0006,11.445021,4.568747,6.876274,9112.0,0.0327,0.00648,0.319936
15,429.4946,370.0249,371.2421,10241.2384,-7.778082,2.246015,-10.024097,10484.0,0.03204,0.00605,0.342804
16,186.733,-129.6002,870.3998,9290.8383,7.933098,11.289086,-3.355987,9102.0,0.04201,0.01297,0.068059
17,375.5714,369.8082,630.1918,10241.4836,-14.033572,9.156686,-23.190258,10528.0,0.04898,0.01453,0.132169
18,89.055,-107.2577,890.5499,9345.6699,0.32643,9.956348,-9.629918,9338.0,0.04256,0.01118,-0.111827
19,96.7249,32.7512,967.2488,10047.0547,2.826488,7.447816,-4.621328,9974.0,0.03869,0.0077,0.109389
20,169.7796,8.0581,991.9419,9850.427,2.143743,5.45568,-3.311938,9788.0,0.03434,0.0055,0.071058
21,232.2066,-0.0,1000.0,9106.6236,0.424026,6.18,-5.755974,9094.0,0.03359,0.00618,0.012624
22,244.8302,-0.0,1000.0,10271.6632,-4.622695,6.87,-11.492695,10412.0,0.03294,0.00687,-0.140337
23,104.4933,102.9194,897.0806,8863.9385,1.437228,4.951885,-3.514657,8820.0,0.03271,0.00552,0.163706
24,148.4318,10.4408,989.5592,10281.4156,2.50362,5.650383,-3.146763,10204.0,0.03234,0.00571,0.088783
25,225.8474,-0.0,1000.0,9492.3554,-0.824085,5.27,-6.094085,9520.0,0.02981,0.00527,-0.027645
26,198.2028,-0.0,1000.0,8971.7972,-2.803691,5.27,-8.073691,9070.0,0.02855,0.00527,-0.098203
27,100.0,-0.0,1000.0,9173.4559,1.228933,5.88,-4.651067,9130.0,0.02828,0.00588,0.043456
28,143.4559,-0.0,1000.0,9886.9896,3.26314,5.45,-2.18686,9774.0,0.02888,0.00545,0.11299
29,256.4455,25.0787,974.9213,9026.0623,4.291312,5.381566,-1.090254,8880.0,0.02938,0.00552,0.175543
30,402.5079,346.5504,653.4496,10281.4156,-6.753856,6.769738,-13.523595,10480.0,0.03401,0.01036,0.226438
31,203.9234,255.5524,744.4476,9265.6318,7.879011,6.938251,0.940759,9044.0,0.03555,0.00932,0.640991
32,425.5552,469.8194,381.3512,10281.4156,-11.348689,3.359704,-14.708393,10602.0,0.0354,0.00881,0.391332
33,104.9708,-158.8216,841.1784,9402.9113,10.791732,6.073308,4.718424,9092.0,0.03471,0.00722,0.180806
34,415.8822,176.838,823.162,10281.4156,-7.193857,4.98013,-12.173987,10494.0,0.03384,0.00605,-0.043426
35,203.2977,-111.0448,888.9552,9554.5593,6.777633,5.378179,1.399454,9352.0,0.03346,0.00605,0.102946
36,405.857,406.5492,362.2547,10293.395,-9.639408,2.191641,-11.831049,10582.0,0.0334,0.00605,0.325584
37,117.252,-93.4508,906.5492,9552.0931,9.662441,5.484623,4.177818,9260.0,0.03308,0.00605,0.219119
38,409.3451,181.4088,818.5912,10307.8142,-6.645171,4.952477,-11.597648,10506.0,0.03353,0.00605,-0.020495
39,211.1592,-270.6536,729.3464,9387.1495,4.450232,4.412546,0.037686,9260.0,0.035,0.00605,-0.196757
40,338.3087,0.0,1000.0,9061.5626,-0.187171,7.0,-7.187171,9066.0,0.04218,0.007,-0.004437
41,333.8713,355.2768,644.7232,10474.0,-12.72096,10.22531,-22.94627,10726.0,0.05048,0.01586,0.160188
42,81.8713,181.2873,818.7127,9106.9047,0.687407,7.163736,-6.476329,9092.0,0.04612,0.00875,0.239635
43,96.776,32.2399,967.7601,10444.0,0.0,6.77432,-6.77432,10444.0,0.04249,0.007,0.033314
44,96.776,67.6885,932.3115,9103.224,0.121125,5.127713,-5.006588,9100.0,0.03757,0.0055,0.076061
45,100.0,-0.0,1000.0,10356.7166,2.81071,7.0,-4.18929,10274.0,0.03398,0.007,0.082717
46,182.7166,-0.0,1000.0,9154.1489,3.742861,6.05,-2.307139,9044.0,0.03398,0.00605,0.110149
47,292.8656,382.56,617.44,9818.8198,-7.567897,4.32208,-11.889976,10032.0,0.0355,0.007,0.274326
48,79.6854,203.1463,796.8537,9080.0,0.0,4.199419,-4.199419,9080.0,0.03127,0.00527,0.254936
49,79.6854,251.7714,748.2286,9175.0473,0.091876,3.681285,-3.589409,9172.0,0.03015,0.00492,0.340563
50,82.7326,172.6735,827.3265,9952.944,1.443245,2.912189,-1.468944,9902.0,0.02833,0.00352,0.270289
51,133.6767,-0.0,1000.0,9090.3233,7.262636,3.03,4.232636,8824.0,0.02727,0.00303,0.266323
52,400.0,248.6269,751.3731,10165.8075,0.164699,2.644833,-2.480134,10160.0,0.02836,0.00352,0.338626
53,405.8075,-58.0745,941.9255,9103.3377,-0.142992,6.122516,-6.265508,9108.0,0.03067,0.0065,-0.066605
54,401.1452,-11.4517,988.5483,10294.5478,-3.913409,13.493684,-17.407093,10402.0,0.03642,0.01365,-0.120281
55,293.693,-0.0,1000.0,9030.307,-8.001457,9.68,-17.681457,9224.0,0.04131,0.00968,-0.193693
56,100.0,-206.2478,793.7522,9173.3752,-0.867272,4.802201,-5.669473,9194.0,0.04205,0.00605,-0.285823
57,79.3752,-231.8014,768.1986,10712.6248,0.852009,4.647602,-3.795592,10692.0,0.04131,0.00605,-0.274898
58,100.0,-0.0,1000.0,9284.7133,4.920802,5.8,-0.879198,9162.0,0.0401,0.0058,0.122713
59,222.7133,-93.2149,906.7851,10635.9438,0.158264,5.259354,-5.101089,10632.0,0.04013,0.0058,-0.098448
60,226.6571,-0.0,1000.0,9647.1853,5.634221,5.8,-0.165779,9508.0,0.04048,0.0058,0.139185
61,365.8424,-0.0,1000.0,8992.1576,-10.931438,5.8,-16.731438,9258.0,0.04112,0.0058,-0.265842
62,100.0,-347.2298,652.7702,11142.9867,6.546544,3.786067,2.760477,10974.0,0.03874,0.0058,-0.273056
63,268.9867,-0.0,1000.0,9061.0133,-6.990979,5.8,-12.790979,9230.0,0.04137,0.0058,-0.168987
64,100.0,-0.0,1000.0,10280.2289,0.107856,10.5,-10.392144,10278.0,0.04839,0.0105,0.002229
65,102.2289,151.5586,848.4414,10032.6152,-0.97824,13.583547,-14.561787,10050.0,0.05627,0.01601,0.158142
66,84.8441,223.881,776.119,9303.6324,0.186889,9.313428,-9.126538,9300.0,0.05145,0.012,0.293143
67,88.4766,115.2342,884.7658,10835.4089,0.52595,7.361252,-6.835302,10824.0,0.0461,0.00832,0.143137
68,99.8855,1.1452,998.8548,9270.484,0.170929,5.493701,-5.322772,9266.0,0.03812,0.0055,0.005636
69,104.3695,-0.0,1000.0,10724.9814,6.669438,5.5,1.169438,10532.0,0.03456,0.0055,0.192981
70,297.3509,-0.0,1000.0,9414.6491,3.39358,6.05,-2.65642,9312.0,0.03306,0.00605,0.102649
71,400.0,-0.0,1000.0,8726.3358,-6.684257,6.75,-13.434257,8930.0,0.03282,0.00675,-0.203664
72,196.3358,-203.5426,796.4574,10415.3099,-3.8181,4.197331,-8.015431,10532.0,0.03272,0.00527,-0.402071
73,79.6457,-334.4923,665.5077,8965.1876,-0.024121,3.507226,-3.531347,8966.0,0.02969,0.00527,-0.503833
74,78.8333,-211.6669,788.3331,10262.0,0.0,2.774932,-2.774932,10262.0,0.02751,0.00352,-0.268499
75,78.8333,-398.9873,601.0127,9462.7906,7.965859,1.803038,6.162821,9166.0,0.02684,0.003,-0.170041
76,375.6239,-0.0,1000.0,10278.3761,0.661324,3.52,-2.858676,10254.0,0.02713,0.00352,0.024376
77,400.0,-70.3844,929.6156,9250.0,0.0,3.82072,-3.82072,9250.0,0.02873,0.00411,-0.075713
78,400.0,-0.0,1000.0,9206.0936,-0.801993,13.72,-14.521993,9228.0,0.03661,0.01372,-0.021906
79,378.0936,81.3083,918.6917,11292.0372,1.253453,8.828627,-7.575174,11262.0,0.04173,0.00961,0.1212
80,408.1308,-91.8692,-0.0,10081.8692,3.926488,-0.0,3.926488,9990.0,0.04274,0.00605,0.022844
81,500.0,162.9444,-0.0,11715.0556,-6.571546,-0.0,-6.571546,11878.0,0.04033,0.00605,0.117623
82,337.0556,-124.4165,-0.0,10936.4165,4.681794,-0.0,4.681794,10812.0,0.03763,0.00605,-0.057406
83,461.4722,375.5835,385.2782,11715.0556,-15.932314,2.330933,-18.263247,12138.0,0.03767,0.00605,-0.122926
84,38.5278,-456.8237,385.2782,11146.9465,14.709957,2.330933,12.379024,10758.0,0.03782,0.00605,-0.176177
85,427.4743,-274.7433,725.2567,11068.1091,-0.453756,4.387803,-4.841559,11080.0,0.03816,0.00605,-0.395218
86,415.5834,-155.8344,844.1656,11810.0514,-0.149573,5.107202,-5.256775,11814.0,0.03788,0.00605,-0.189279
87,411.6348,-116.3484,883.6516,10303.6523,-4.014909,5.346092,-9.361002,10404.0,0.04001,0.00605,-0.245228
88,311.2872,-0.0,1000.0,11746.8277,-8.30856,7.32,-15.62856,11928.0,0.04586,0.00732,-0.181172
89,130.1149,-0.0,1000.0,9807.8851,-1.726188,16.0,-17.726188,9838.0,0.05732,0.016,-0.030115
90,100.0,77.5387,922.4613,11216.2461,-0.383584,10.082502,-10.466086,11224.0,0.04947,0.01093,0.075651
91,92.2461,162.3848,837.6152,9417.7539,0.339774,5.067572,-4.727797,9410.0,0.04382,0.00605,0.203123
92,100.0,-0.0,1000.0,10772.6752,5.122469,5.72,-0.597531,10642.0,0.0392,0.00572,0.130675
93,230.6752,-0.0,1000.0,9372.8808,0.181419,5.42,-5.238581,9368.0,0.03717,0.00542,0.004881
94,235.556,-0.0,1000.0,10438.1226,-0.485015,5.8,-6.285015,10452.0,0.03495,0.0058,-0.013877
95,221.6786,-175.4449,824.5551,9058.7769,-4.787883,4.056811,-8.844694,9198.0,0.03439,0.00492,-0.381622
96,82.4555,-364.9727,635.0273,9245.0472,-0.551526,3.187837,-3.739363,9264.0,0.0291,0.00502,-0.604581
97,63.5027,-423.3975,576.6025,10098.1575,-0.152606,2.098833,-2.251439,10104.0,0.02612,0.00364,-0.74443
98,57.6602,-648.6871,351.3129,9269.4652,9.390385,1.053939,8.336446,8894.0,0.02501,0.003,-0.777717
99,433.1254,-331.2545,668.7455,10408.0,0.0,2.006237,-2.006237,10408.0,0.025,0.003,-0.495337
100,433.1254,-362.7775,637.2225,8877.1094,-0.022631,1.911668,-1.934299,8878.0,0.02541,0.003,-0.570708
101,432.2348,-322.348,677.652,10283.9141,-0.649839,3.062987,-3.712826,10308.0,0.02698,0.00452,-0.511227
102,408.1489,-81.4886,918.5114,9865.8511,-0.258319,8.330898,-8.589217,9874.0,0.0317,0.00907,-0.09759
103,400.0,-0.0,1000.0,9704.4295,-5.458055,12.31,-17.768055,9856.0,0.03601,0.01231,-0.151571
104,248.4295,-114.9613,885.0387,11715.9525,5.863196,5.354484,0.508712,11558.0,0.03712,0.00605,0.048576
105,406.382,-63.8195,936.1805,10589.6385,-3.61499,5.766872,-9.381862,10684.0,0.03831,0.00616,-0.168964
106,312.0204,-216.9896,403.368,10845.6428,5.334334,2.440377,2.893957,10698.0,0.03613,0.00605,-0.171919
107,459.6632,283.0104,403.368,11984.6736,-15.238321,2.440377,-17.678698,12404.0,0.03634,0.00605,-0.337944
108,40.3368,-491.9863,403.368,11107.6632,12.947875,2.440377,10.507498,10748.0,0.036,0.00605,-0.328046
109,400.0,-0.0,1000.0,12180.8336,-2.214836,6.05,-8.264836,12242.0,0.03621,0.00605,-0.061166
110,338.8336,-353.9404,646.0596,10838.7931,2.846794,3.908661,-1.061867,10760.0,0.03613,0.00605,-0.425885
111,417.6267,-176.2666,823.7334,10969.8815,-0.293647,4.983587,-5.277234,10978.0,0.03617,0.00605,-0.223841
112,409.5081,-95.0813,904.9187,11420.4919,-0.407803,5.56525,-5.973054,11430.0,0.04289,0.00615,-0.115579
113,400.0,-0.0,1000.0,9698.6029,-11.274211,16.0,-27.274211,9916.0,0.05186,0.016,-0.217397
114,182.6029,-252.0759,747.9241,11108.1895,-4.902145,6.559294,-11.461439,11216.0,0.04547,0.00877,-0.481181
115,74.7924,-256.2077,743.7923,9727.5868,-0.015816,4.373499,-4.389315,9728.0,0.03828,0.00588,-0.345017
116,74.3792,-277.6883,722.3117,10384.6401,0.242697,3.972714,-3.730018,10378.0,0.03655,0.0055,-0.375251
117,81.0194,-189.8065,810.1935,9215.2598,0.112822,4.456064,-4.343242,9212.0,0.03461,0.0055,-0.23025
118,84.2792,-157.2084,842.7916,10555.7208,0.504482,4.955614,-4.451133,10540.0,0.03209,0.00588,-0.16788
119,100.0,-0.0,1000.0,9114.4816,7.043578,4.92,2.123578,8888.0,0.0311,0.00492,0.226482
120,326.4816,127.9155,872.0845,10454.2954,-0.850565,4.595885,-5.44645,10480.0,0.03309,0.00527,0.117203
121,300.777,-0.0,1000.0,8714.7328,-4.32529,4.0,-8.32529,8852.0,0.03151,0.004,-0.137267
122,163.5098,-0.0,1000.0,10250.4902,-1.907199,3.0,-4.907199,10314.0,0.03003,0.003,-0.06351
123,100.0,-0.0,1000.0,8810.7669,0.022893,3.0,-2.977107,8810.0,0.02985,0.003,0.000767
124,100.7669,0.2596,999.7404,10513.259,8.938867,3.019216,5.919651,10214.0,0.02987,0.00302,0.299596
125,400.026,270.7782,729.2218,9063.0519,0.876751,4.375331,-3.49858,9036.0,0.03241,0.006,0.408422
126,427.0778,277.4098,722.5902,10842.6632,0.025591,7.948492,-7.922901,10842.0,0.03859,0.011,0.384828
127,427.741,435.9085,564.0915,10056.4963,-4.30708,6.374234,-10.681315,10148.0,0.04707,0.0113,0.610548
128,336.2373,102.3001,897.6999,10271.9928,3.749213,11.759869,-8.010655,10198.0,0.05067,0.0131,0.196383
129,410.23,102.3001,897.6999,12301.5725,-4.683485,9.237332,-13.920817,12398.0,0.04857,0.01029,0.006542
130,313.8025,-250.2972,647.8623,10395.4113,5.811958,5.863154,-0.051196,10274.0,0.04787,0.00905,-0.19894
131,435.2138,218.2036,647.8623,12301.5725,-17.565674,5.863154,-23.428828,12672.0,0.04742,0.00905,-0.234963
132,64.7862,-419.4778,229.3679,11209.5891,14.203947,1.961096,12.242851,10900.0,0.04588,0.00855,-0.479094
133,374.3753,80.5222,919.4778,12301.5725,-12.618862,5.930632,-18.549494,12584.0,0.04468,0.00645,-0.219587
134,91.9478,-451.1174,548.8826,11041.8875,15.061666,3.908044,11.153622,10708.0,0.04511,0.00712,-0.213579
135,425.8353,-258.353,741.647,12301.5725,-4.748214,4.91712,-9.665334,12402.0,0.04728,0.00663,-0.483762
136,325.4078,-419.4443,580.5557,10653.0942,4.519445,5.805557,-1.286113,10574.0,0.05714,0.01,-0.586249
137,404.502,-45.02,954.98,11356.996,-20.90103,16.339708,-37.240738,11666.0,0.06764,0.01711,-0.370714
138,95.498,-82.2264,917.7736,10062.2794,-0.214011,9.076781,-9.290792,10066.0,0.05752,0.00989,-0.093647
139,91.7774,284.3261,715.6739,10985.79,-1.059003,5.295987,-6.354989,11006.0,0.0524,0.0074,0.369045
140,71.5674,485.4976,514.5024,9650.73,-0.638816,3.025274,-3.66409,9664.0,0.04814,0.00588,0.917834
141,58.2974,417.0257,582.9743,9509.4293,1.634163,3.526995,-1.892832,9472.0,0.04366,0.00605,0.779545
142,95.7267,42.7328,957.2672,11074.5466,12.440597,5.791466,6.649131,10766.0,0.04032,0.00605,0.366961
143,404.2733,-42.7328,957.2672,9065.186,-5.585455,4.269412,-9.854866,9208.0,0.03911,0.00446,-0.19383
144,261.4593,-0.0,1000.0,10705.5243,-3.448653,5.52,-8.968653,10792.0,0.03988,0.00552,-0.086476
145,174.9836,-125.5636,874.4364,8988.4601,-3.339648,4.826889,-8.166537,9076.0,0.03815,0.00552,-0.243704
146,87.4436,-208.6464,791.3536,10613.6917,-0.296606,4.368272,-4.664877,10622.0,0.0357,0.00552,-0.274156
147,79.1354,-504.8415,495.1585,9434.3496,11.701603,2.733275,8.968328,9098.0,0.03479,0.00552,-0.340279
148,415.485,-154.8498,845.1502,10338.9822,-3.07347,4.665229,-7.738699,10426.0,0.03532,0.00552,-0.286183
149,328.4671,-0.0,1000.0,9437.8784,0.726556,6.75,-6.023444,9418.0,0.03655,0.00675,0.019878
150,348.3456,-0.0,1000.0,10945.4595,2.090653,20.99,-18.899347,10896.0,0.04227,0.02099,0.049459
151,397.805,-0.0,1000.0,10050.195,0.095239,21.18,-21.084761,10048.0,0.04339,0.02118,0.002195
152,400.0,-0.0,1000.0,11139.8024,-10.692361,11.34,-22.032361,11366.0,0.04727,0.01134,-0.226198
153,173.8024,-517.86,482.14,10648.4309,11.861979,3.283373,8.578606,10390.0,0.0459,0.00681,-0.538078
154,432.2333,-322.333,677.667,11344.3524,-1.116166,4.099885,-5.216052,11368.0,0.0472,0.00605,-0.510547
155,408.5857,-85.857,914.143,10979.0063,-12.974202,5.530565,-18.504766,11254.0,0.04718,0.00605,-0.394742
156,133.592,-0.0,1000.0,10790.888,4.35459,6.05,-1.69541,10698.0,0.04688,0.00605,0.092888
157,226.48,195.5283,804.4717,12301.5725,-5.360324,4.738338,-10.098662,12418.0,0.04604,0.00589,0.098326
158,110.0525,-0.0,1000.0,10885.9475,13.569543,6.45,7.119543,10596.0,0.0468,0.00645,0.289947
159,400.0,144.4934,855.5066,12301.5725,-2.480871,5.175815,-7.656686,12354.0,0.04732,0.00605,0.107616
160,347.5725,-199.5472,800.4528,10389.4849,3.09495,7.436207,-4.341256,10334.0,0.05578,0.00929,-0.179976
161,403.0574,-30.5742,969.4258,11321.8852,-22.753516,15.995526,-38.749042,11628.0,0.07433,0.0165,-0.347308
162,96.9426,-293.028,706.972,9686.0782,-0.274601,11.311552,-11.586153,9690.0,0.07002,0.016,-0.42003
163,93.0208,69.7917,930.2083,10984.7539,4.386331,7.423062,-3.036731,10912.0,0.06029,0.00798,0.15324
164,165.7747,-0.0,1000.0,9546.2253,-3.435413,5.5,-8.935413,9612.0,0.05223,0.0055,-0.065775
165,100.0,33.3397,966.6603,10731.2915,4.882089,5.316632,-0.434543,10634.0,0.05018,0.0055,0.135137
166,197.2915,-0.0,1000.0,9168.7085,-4.66221,6.05,-10.71221,9266.0,0.04792,0.00605,-0.097292
167,100.0,120.4075,879.5925,10301.6789,-0.211734,4.855351,-5.067085,10306.0,0.049,0.00552,0.131977
168,95.6789,43.211,956.789,9258.5246,5.68398,5.281475,0.402504,9126.0,0.04289,0.00552,0.183672
169,228.2035,-0.0,1000.0,9713.2939,4.261905,5.52,-1.258095,9610.0,0.04126,0.00552,0.103294
170,331.4974,-0.0,1000.0,9718.5026,2.709965,5.52,-2.810035,9650.0,0.03956,0.00552,0.068503
171,400.0,-58.6154,941.3846,8897.3713,-1.115372,5.196443,-6.311815,8926.0,0.03896,0.00552,-0.092676
172,371.3713,-0.0,1000.0,10234.6287,1.117949,5.52,-4.402051,10206.0,0.03905,0.00552,0.028629
173,400.0,-74.6283,925.3717,8939.8711,0.076865,6.246259,-6.169393,8938.0,0.04108,0.00675,-0.078625
174,401.8711,-18.7112,981.2888,10512.2578,-13.376808,18.31085,-31.687658,10816.0,0.04404,0.01866,-0.328602
175,98.1289,-328.3647,671.6353,9604.0115,-1.187674,8.717826,-9.9055,9630.0,0.0457,0.01298,-0.527598
176,72.1404,-278.5962,721.4038,11640.5291,0.905541,5.338388,-4.432848,11620.0,0.04411,0.0074,-0.357729
177,92.6695,73.3047,926.6953,10238.0,0.0,5.977185,-5.977185,10238.0,0.04309,0.00645,0.079103
178,92.6695,79.6648,920.3352,12117.3305,0.294538,5.568028,-5.273489,12110.0,0.04018,0.00605,0.094526
179,100.0,-0.0,1000.0,10746.7938,1.707989,6.05,-4.342011,10702.0,0.03813,0.00605,0.044794
180,144.7938,-0.0,1000.0,12192.4771,3.559041,6.05,-2.490959,12096.0,0.03689,0.00605,0.096477
181,241.271,137.6668,862.3332,11080.4957,6.387517,5.217116,1.170401,10908.0,0.03703,0.00605,0.359678
182,413.7667,241.9449,758.0551,12237.1339,-0.03377,4.586233,-4.620003,12238.0,0.03899,0.00605,0.318023
183,412.9006,129.0057,870.9943,10720.0,0.0,5.269516,-5.269516,10720.0,0.04114,0.00605,0.148113
184,412.9006,252.5795,747.4205,11818.3574,0.59439,7.474205,-6.879815,11806.0,0.0481,0.01,0.354468
185,425.258,531.4402,468.5598,9861.3245,-24.600276,7.965516,-32.565792,10224.0,0.06783,0.017,0.360178
186,62.5825,374.175,625.825,10088.3264,0.394259,9.681513,-9.287254,10082.0,0.06232,0.01547,0.608
187,68.9089,310.9113,689.0887,10569.0911,1.712811,3.445443,-1.732633,10538.0,0.05509,0.005,0.496311
188,100.0,-0.0,1000.0,9726.8503,4.955326,5.5,-0.544674,9624.0,0.04818,0.0055,0.10285
189,202.8503,-98.8735,901.1265,10091.1497,-4.552153,4.956196,-9.508348,10194.0,0.04426,0.0055,-0.223857
190,100.0,-0.0,1000.0,9511.3111,8.285099,6.05,2.235099,9316.0,0.04242,0.00605,0.195311
191,295.3111,489.2509,510.7491,9839.2447,-9.439497,2.819335,-12.258832,10060.0,0.04276,0.00552,0.52569
192,74.5558,254.4417,745.5583,8926.0624,0.427048,4.115482,-3.688434,8916.0,0.04244,0.00552,0.354773
193,84.6182,153.8178,846.1822,10374.0,0.0,4.670926,-4.670926,10374.0,0.03956,0.00552,0.181779
194,84.6182,166.2094,833.7906,9059.543,7.992336,4.602524,3.389812,8844.0,0.03708,0.00552,0.457852
195,300.1613,-0.0,1000.0,10307.8387,3.639122,5.52,-1.880878,10208.0,0.03645,0.00552,0.099839
196,400.0,-64.0839,935.9161,8899.9388,-1.860776,5.166257,-7.027033,8950.0,0.03717,0.00552,-0.121961
197,349.9388,-0.0,1000.0,9298.0612,2.013963,6.75,-4.736037,9248.0,0.04023,0.00675,0.050061
198,400.0,-0.0,1000.0,10190.7328,-2.572241,15.02,-17.592241,10240.0,0.05221,0.01502,-0.049267
199,350.7328,-0.0,1000.0,9169.9228,-2.260644,13.83,-16.090644,9208.0,0.05937,0.01383,-0.038077
200,312.6556,-0.0,1000.0,10755.4847,-3.625117,12.69,-16.315117,10820.0,0.05619,0.01269,-0.064515
201,248.1402,187.9511,812.0489,9335.0647,-8.710686,5.692463,-14.403149,9502.0,0.05218,0.00701,0.02588
202,81.2049,248.2771,751.7229,10973.0818,-0.04153,4.547924,-4.589454,10974.0,0.04523,0.00605,0.329056
203,80.2867,197.1331,802.8669,9499.0081,0.73934,4.857345,-4.118004,9482.0,0.04347,0.00605,0.266721
204,97.2948,27.0525,972.9475,11107.4105,12.607345,5.886332,6.721013,10802.0,0.04128,0.00605,0.341707
205,402.7052,-172.0901,827.9099,9560.8484,0.440118,5.008855,-4.568737,9550.0,0.04057,0.00605,-0.194758
206,413.5536,-135.5361,864.4639,10892.0,0.0,5.230007,-5.230007,10892.0,0.04089,0.00605,-0.156786
207,413.5536,-240.6672,759.3328,9632.5131,0.465415,4.593964,-4.128548,9622.0,0.04427,0.00605,-0.3031
208,424.0667,-325.2512,674.7488,10930.9374,-0.520917,7.044377,-7.565295,10940.0,0.05748,0.01044,-0.495464
209,415.0041,-150.0413,849.9587,9307.9917,-24.879323,17.823634,-42.702957,9638.0,0.07539,0.02097,-0.564792
210,84.9959,-332.2944,667.7056,10708.3774,0.025281,10.569779,-10.544499,10708.0,0.06699,0.01583,-0.497101
211,85.3732,-146.2675,853.7325,9578.0,0.0,8.417802,-8.417802,9578.0,0.06016,0.00986,-0.171327
212,85.3732,-289.6234,710.3766,9325.0509,-0.458822,3.907071,-4.365893,9334.0,0.05127,0.0055,-0.420302
213,76.4241,-235.7588,764.2412,10842.0,-0.0,4.203327,-4.203327,10842.0,0.04662,0.0055,-0.308487
214,76.4241,-495.6565,504.3435,9435.2475,14.076711,3.051278,11.025432,9110.0,0.04328,0.00605,-0.337883
215,401.6716,-16.7159,983.2841,10360.6568,-13.811215,5.427728,-19.238943,10664.0,0.04553,0.00552,-0.3255
216,98.3284,-22.4206,977.5794,8959.4295,-0.022237,5.396238,-5.418475,8960.0,0.03898,0.00552,-0.023518
217,97.7579,98.431,901.569,10584.399,-0.280098,4.976661,-5.256759,10592.0,0.03685,0.00552,0.100747
218,90.1569,242.8833,757.1167,9083.089,1.327046,4.179284,-2.852238,9046.0,0.03578,0.00552,0.369788
219,127.2459,-0.0,1000.0,10607.3494,8.517229,5.52,2.997229,10364.0,0.035,0.00552,0.243349
220,370.5953,-0.0,1000.0,9257.4047,1.035338,5.52,-4.484662,9228.0,0.03521,0.00552,0.029405
221,400.0,-0.0,1000.0,10328.8046,-1.016293,6.75,-7.766293,10356.0,0.03737,0.00675,-0.027195
222,372.8046,5.0817,994.9183,9357.7036,1.467737,15.918693,-14.450957,9330.0,0.05298,0.016,0.032953
223,400.5082,60.24,939.76,10555.4918,-0.032878,15.506041,-15.538919,10556.0,0.0647,0.0165,0.063561
224,400.0,-0.0,1000.0,9245.1051,-11.667494,17.34,-29.007494,9436.0,0.06112,0.01734,-0.190895
225,209.1051,-11.5742,988.4258,10621.7375,-5.592516,6.750948,-12.343465,10732.0,0.05072,0.00683,-0.123263
226,98.8426,-37.991,962.009,9633.3583,-0.113804,5.820154,-5.933958,9636.0,0.04308,0.00605,-0.042237
227,96.2009,364.4913,635.5087,10347.35,-1.338325,3.844828,-5.183152,10380.0,0.04099,0.00605,0.522166
228,63.5509,433.4404,566.5596,10246.3742,0.887584,3.427686,-2.540102,10224.0,0.03967,0.00605,0.804531
229,85.925,140.7495,859.2505,9650.4275,8.42985,5.198465,3.231385,9434.0,0.03895,0.00605,0.415684
230,302.3525,111.8926,888.1074,11094.8367,4.280548,5.37305,-1.092502,10986.0,0.03933,0.00605,0.248539
231,411.1893,-111.8926,888.1074,9415.5069,-0.351275,5.37305,-5.724325,9424.0,0.04136,0.00605,-0.135553
232,402.6961,-26.9615,973.0385,10821.586,-9.500063,12.279746,-21.779809,11020.0,0.04788,0.01262,-0.23162
233,204.2821,-0.0,1000.0,9515.7179,-8.010954,26.35,-34.360954,9620.0,0.07682,0.02635,-0.104282
234,100.0,140.6691,859.3309,11198.0913,1.350336,17.246772,-15.896436,11178.0,0.06721,0.02007,0.187076
235,120.0913,-0.0,1000.0,9485.9087,-1.006976,12.29,-13.296976,9506.0,0.05012,0.01229,-0.020091
236,100.0,-126.2773,873.7227,10657.3723,-0.552589,4.368613,-4.921203,10670.0,0.04376,0.005,-0.158981
237,87.3723,-359.2878,640.7122,9600.2174,-0.847486,3.613617,-4.461103,9620.0,0.04284,0.00564,-0.591639
238,67.5897,-324.1032,675.8968,10582.0,-0.0,4.089176,-4.089176,10582.0,0.04049,0.00605,-0.479516
239,67.5897,-590.3368,409.6632,9703.2558,13.803416,2.015543,11.787873,9356.0,0.03975,0.00492,-0.593368
240,414.8454,-148.4543,851.5457,10164.3091,-14.720697,4.487646,-19.208343,10494.0,0.04465,0.00527,-0.561503
241,85.1546,-369.5033,630.4967,9210.3553,-0.730667,3.719931,-4.450598,9228.0,0.04141,0.0059,-0.614036
242,67.5099,-324.9014,675.0986,9432.0,0.0,3.22022,-3.22022,9432.0,0.04016,0.00477,-0.481265
243,67.5099,-644.0086,355.9914,10521.852,15.427699,1.423965,14.003733,10144.0,0.04083,0.004,-0.747649
244,445.3619,-453.619,546.381,9024.8987,-1.205086,2.185524,-3.39061,9054.0,0.04141,0.004,-0.883487
245,416.2606,-162.6058,837.3942,10606.0,0.0,4.413068,-4.413068,10606.0,0.04457,0.00527,-0.194181
246,416.2606,-308.1697,691.8303,9389.4655,0.647571,11.394445,-10.746874,9378.0,0.05648,0.01647,-0.428868
247,427.7261,-277.2607,722.7393,11248.3988,-8.744192,16.644686,-25.388877,11378.0,0.06747,0.02303,-0.562944
248,298.1249,-130.6655,869.3345,10370.9417,7.175807,13.918046,-6.742239,10256.0,0.06243,0.01601,-0.018087
249,413.0665,369.3345,78.1825,12301.5725,-17.706825,0.707552,-18.414377,12622.0,0.05526,0.00905,0.625549
250,92.639,-130.6655,869.3345,11408.4579,15.722895,5.033447,10.689448,11094.0,0.05,0.00579,0.211417
251,407.0969,369.3345,630.6655,12301.5725,-15.399747,3.153327,-18.553074,12622.0,0.04806,0.005,0.077548
252,86.6694,115.5333,866.6938,11312.0,0.0,4.350803,-4.350803,11312.0,0.04646,0.00502,0.133303
253,86.6694,209.4657,790.5343,12576.2209,7.908463,3.968482,3.93998,12406.0,0.04646,0.00502,0.480291
254,256.8903,-0.0,1000.0,11331.1097,6.648878,5.02,1.628878,11188.0,0.04646,0.00502,0.14311
255,400.0,46.2741,953.7259,12490.6274,0.229612,4.787704,-4.558092,12486.0,0.04962,0.00502,0.053371
256,404.6274,164.5027,835.4973,10489.8229,0.700268,11.329343,-10.629075,10478.0,0.05923,0.01356,0.211043
257,416.4503,454.8743,545.1257,11605.5497,-23.619848,11.316809,-34.936657,11922.0,0.07464,0.02076,0.253931
258,100.0,-0.0,1000.0,9795.6936,6.947311,17.3,-10.352689,9688.0,0.06451,0.0173,0.107694
259,207.6936,-0.0,1000.0,11115.3291,3.013019,6.13,-3.116981,11064.0,0.0587,0.00613,0.051329
260,259.0227,-76.9495,923.0505,10351.2824,-8.809359,5.076778,-13.886137,10518.0,0.05284,0.0055,-0.26398
261,92.3051,-191.1149,808.8851,9224.5835,-0.570484,4.448868,-5.019353,9236.0,0.04997,0.0055,-0.250383
262,80.8885,-320.3015,679.6985,10766.8287,7.100422,3.738342,3.36208,10614.0,0.04646,0.0055,-0.246393
263,233.7172,-0.0,1000.0,9234.2828,-6.815567,6.75,-13.565567,9368.0,0.05097,0.00675,-0.133717
264,100.0,-177.1214,822.8786,10610.064,-0.260295,5.55443,-5.814726,10616.0,0.04385,0.00675,-0.22246
265,94.064,-59.3604,940.6396,9138.0,-0.0,6.349317,-6.349317,9138.0,0.0425,0.00675,-0.063106
266,94.064,59.3604,940.6396,10497.6914,4.038467,6.349317,-2.31085,10392.0,0.03821,0.00675,0.175468
267,199.7553,143.4929,856.5071,9010.5119,-0.056608,4.727919,-4.784528,9012.0,0.03804,0.00552,0.165795
268,198.2672,-0.0,1000.0,10745.7328,7.710227,6.75,0.960227,10544.0,0.03822,0.00675,0.201733
269,400.0,245.2788,754.7212,8931.7361,-5.181544,5.094368,-10.275912,9054.0,0.04238,0.00675,0.162994
270,277.7361,-0.0,1000.0,11108.2639,6.25013,26.26,-20.00987,10986.0,0.05112,0.02626,0.122264
271,400.0,-0.0,1000.0,9968.9552,-3.978441,17.19,-21.168441,10036.0,0.05934,0.01719,-0.067045
272,332.9552,-0.0,1000.0,11663.3451,1.068624,11.01,-9.941376,11644.0,0.05524,0.01101,0.019345
273,352.3003,-144.6031,33.2598,12134.3738,7.445355,0.201222,7.244133,11990.0,0.05157,0.00605,-0.006894
274,496.674,-3.326,-0.0,11183.326,0.157951,-0.0,0.157951,11180.0,0.04749,0.00605,0.455326
275,500.0,496.674,0.0,12981.326,-23.115209,0.0,-23.115209,13478.0,0.04654,0.00605,0.687633
276,3.326,-89.3284,33.2598,11875.3045,4.9351,0.201222,4.733878,11766.0,0.04515,0.00605,0.600611
277,112.6305,-0.0,1000.0,9888.5856,12.515715,5.97,6.545715,9606.0,0.04429,0.00597,0.282586
278,395.2161,69.4872,930.5128,13114.0,-4.414,5.629602,-10.043602,13214.0,0.04414,0.00605,-0.032791
279,295.2161,99.1987,900.8013,12244.7038,5.217875,5.296712,-0.078837,12130.0,0.04549,0.00588,0.237458
280,409.9199,241.0379,758.9621,13114.0,-3.1496,7.157013,-10.306613,13176.0,0.0508,0.00943,0.235898
281,347.9199,279.5846,720.4154,10947.9726,-4.813294,11.886855,-16.700149,11024.0,0.06331,0.0165,0.282555
282,271.8925,-0.0,1000.0,10460.1075,-9.777244,16.36,-26.137244,10632.0,0.05688,0.01636,-0.171892
283,100.0,-0.0,1000.0,10183.1171,3.678485,9.23,-5.551515,10108.0,0.04897,0.00923,0.075117
284,175.1171,-0.0,1000.0,12200.3103,7.144944,5.5,1.644944,12044.0,0.04571,0.0055,0.15631
285,331.4274,-0.0,1000.0,9844.938,-5.524657,7.25,-12.774657,9972.0,0.04348,0.00725,-0.127062
286,204.3654,-155.0607,844.9393,9860.8908,-0.515716,5.914575,-6.430291,9874.0,0.03934,0.007,-0.199032
287,191.2562,-0.0,1000.0,11446.7438,-3.695876,6.75,-10.445876,11538.0,0.0405,0.00675,-0.091256
288,100.0,-49.1827,950.8173,9911.0817,-0.178238,6.418017,-6.596255,9916.0,0.03624,0.00675,-0.056899
289,95.0817,-92.6884,907.3116,9611.6494,-0.136521,6.124353,-6.260874,9616.0,0.03138,0.00675,-0.106952
290,90.7312,-93.3102,906.6898,9745.9378,-0.001904,6.120156,-6.12206,9746.0,0.03062,0.00675,-0.102982
291,90.669,-206.2985,793.7015,11402.9972,3.022846,4.381232,-1.358386,11302.0,0.02993,0.00552,-0.132671
292,191.6662,-0.0,1000.0,9778.0603,-1.996653,6.75,-8.746653,9844.0,0.03028,0.00675,-0.06594
293,125.7265,-0.0,1000.0,9866.2735,8.587503,6.75,1.837503,9592.0,0.03131,0.00675,0.274273
294,400.0,-275.7136,724.2864,9965.724,0.587448,11.450967,-10.863519,9950.0,0.03736,0.01581,-0.35896
295,415.724,-157.2399,842.7601,12506.4384,-4.772993,8.014649,-12.787641,12620.0,0.04203,0.00951,-0.321327
296,302.1624,-0.0,1000.0,10009.8376,-8.537319,10.0,-18.537319,10212.0,0.04223,0.01,-0.202162
297,100.0,-72.9059,927.0941,12514.7094,-0.290166,5.608919,-5.899085,12522.0,0.0398,0.00605,-0.086503
298,92.7094,-123.5176,876.4824,11542.9388,-0.202851,5.302719,-5.50557,11548.0,0.04008,0.00605,-0.146699
299,87.6482,-504.3871,232.1179,11657.14,15.452748,1.404313,14.048435,11268.0,0.03971,0.00605,-0.496503
300,476.7882,-23.2118,0.0,11343.2118,0.890636,0.0,0.890636,11320.0,0.03837,0.00605,-0.300218
301,500.0,456.0,-0.0,13158.0,-17.04984,-0.0,-17.04984,13614.0,0.03739,0.00605,0.154854
302,44.0,-429.316,440.0,11637.9399,12.467661,2.662,9.805661,11306.0,0.03756,0.00605,-0.221309
303,375.9399,-0.0,1000.0,11232.0601,0.921263,6.05,-5.128737,11208.0,0.03829,0.00605,0.02406
304,400.0,181.579,818.421,13164.0377,-9.761573,8.18421,-17.945783,13390.0,0.0432,0.01,-0.05423
305,174.0377,-0.0,1000.0,10475.8358,-3.117149,19.3,-22.417149,10530.0,0.05755,0.0193,-0.054164
306,119.8735,-183.9208,816.0792,10127.7344,-1.806134,13.742773,-15.548908,10166.0,0.0472,0.01684,-0.272261
307,81.6079,-226.1431,773.8569,11379.1842,0.469289,7.738569,-7.269281,11368.0,0.04196,0.01,-0.277776
308,92.7921,72.0789,927.9211,9708.0,0.0,5.613923,-5.613923,9708.0,0.04005,0.00605,0.077678
309,92.7921,161.8898,838.1102,9524.3695,-0.216548,5.070566,-5.287114,9530.0,0.03846,0.00605,0.186443
310,87.1616,128.3836,871.6164,10867.6767,11.835092,5.27328,6.561812,10542.0,0.03634,0.00605,0.52094
311,412.8384,378.671,621.329,9745.0287,0.904789,3.38003,-2.47524,9720.0,0.03615,0.00544,0.649736
312,437.8671,609.6879,390.3121,10252.2157,-15.53862,2.154523,-17.693143,10634.0,0.0407,0.00552,0.583901
313,56.0828,439.1717,560.8283,9159.6,0.803736,3.095772,-2.292036,9138.0,0.03721,0.00552,0.821591
314,77.6828,223.1716,776.8284,9370.53,11.753645,3.107314,8.646331,9040.0,0.03556,0.004,0.712772
315,408.2128,603.0353,396.9647,10305.4837,-11.186293,1.222651,-12.408944,10624.0,0.03512,0.00308,0.716736
316,89.6965,103.0353,896.9647,9550.6071,11.452085,4.735973,6.716111,9230.0,0.03572,0.00528,0.472307
317,410.3035,367.0129,632.9871,8812.4771,-5.108585,4.272663,-9.381248,8946.0,0.03826,0.00675,0.36887
318,276.7807,-0.0,1000.0,11527.2193,5.245447,13.77,-8.524553,11404.0,0.04257,0.01377,0.123219
319,400.0,236.7129,763.2871,9854.0,-0.0,11.0066,-11.0066,9854.0,0.04695,0.01442,0.310123
320,400.0,-0.0,1000.0,12009.3654,-1.31122,6.31,-7.62122,12036.0,0.04923,0.00631,-0.026635
321,373.3654,100.2336,899.7664,11012.6579,1.884951,6.307363,-4.422412,10976.0,0.05142,0.00701,0.152141
322,410.0234,-79.582,60.3766,11117.939,4.385812,0.318185,4.067627,11034.0,0.05225,0.00527,0.072163
323,493.9623,-6.0377,-0.0,11250.0377,0.303332,-0.0,0.303332,11244.0,0.05024,0.00605,0.311796
324,500.0,493.9623,0.0,13164.0377,-24.317766,0.0,-24.317766,13658.0,0.04923,0.00596,0.399038
325,6.0377,-30.9377,60.3766,12359.1906,3.599512,0.35743,3.242082,12286.0,0.04918,0.00592,0.699821
326,79.2282,207.7177,792.2823,12569.4997,16.456261,4.595237,11.861024,12234.0,0.04905,0.0058,0.685636
327,414.728,147.2796,852.7204,12198.3,-0.201649,5.448884,-5.650532,12202.0,0.0545,0.00639,0.168378
328,411.028,110.2798,889.7202,11820.972,-0.732699,6.557238,-7.289937,11832.0,0.06644,0.00737,0.111554
329,400.0,-0.0,1000.0,11177.8239,-13.913185,28.25,-42.163185,11352.0,0.07988,0.02825,-0.174176
330,225.8239,-95.4721,904.5279,11508.1761,-9.338651,21.844349,-31.183,11634.0,0.07422,0.02415,-0.244654
331,100.0,-0.0,1000.0,12018.98,9.99656,16.29,-6.29344,11870.0,0.0671,0.01629,0.14898
332,248.98,191.3802,808.6198,10506.3859,0.768916,4.89215,-4.123234,10494.0,0.06208,0.00605,0.251992
333,261.3659,-0.0,1000.0,10079.2297,2.066219,7.0,-4.933781,10044.0,0.05865,0.007,0.03523
334,296.5956,-0.0,1000.0,9527.4044,-11.02508,6.05,-17.07508,9724.0,0.05608,0.00605,-0.196596
335,100.0,-390.1517,609.8483,9832.6299,15.600095,3.213901,12.386194,9528.0,0.05121,0.00527,-0.140235
336,404.6299,-46.2985,953.7015,10784.7403,-17.637081,6.723595,-24.360676,11094.0,0.05703,0.00705,-0.372819
337,95.3701,-479.0294,520.9706,9902.4367,13.727057,2.875758,10.851299,9646.0,0.05353,0.00552,-0.427265
338,351.8069,-0.0,1000.0,9056.1931,-13.449005,5.27,-18.719005,9308.0,0.05341,0.00527,-0.251807
339,100.0,-55.3917,944.6083,9505.0874,6.007752,4.978086,1.029666,9388.0,0.05131,0.00527,0.065314
340,217.0874,-0.0,1000.0,9504.9126,9.456584,5.52,3.936584,9322.0,0.0517,0.00552,0.182913
341,400.0,-271.9238,728.0762,9474.7932,0.253273,4.914514,-4.661241,9470.0,0.05284,0.00675,-0.366899
342,404.7932,-47.9321,952.0679,11337.6985,-8.731013,8.673338,-17.404352,11488.0,0.05809,0.00911,-0.208214
343,254.4917,-0.0,1000.0,10485.6871,-8.386502,11.02,-19.406502,10626.0,0.05977,0.01102,-0.140313
344,114.1788,-0.0,1000.0,10967.8212,-0.879796,17.67,-18.549796,10982.0,0.06205,0.01767,-0.014179
345,100.0,189.742,810.258,11505.742,5.388108,8.629248,-3.24114,11416.0,0.06004,0.01065,0.344932
346,189.742,-310.258,-0.0,11788.258,15.972083,-0.0,15.972083,11478.0,0.05148,0.00666,-0.195213
347,500.0,-0.0,-0.0,11522.0,0.0,-0.0,0.0,11522.0,0.04799,0.00502,-0.276453
348,500.0,500.0,-0.0,13282.0,-23.26,-0.0,-23.26,13782.0,0.04652,0.00605,-0.07734
349,-0.0,-379.7582,-0.0,12333.7582,16.211876,-0.0,16.211876,11954.0,0.04269,0.0058,-0.405956
350,379.7582,-0.0,1000.0,11846.2418,0.890641,6.05,-5.159359,11826.0,0.044,0.00605,0.020242
351,400.0,80.4366,919.5634,11428.0437,0.384969,5.563359,-5.178389,11420.0,0.04786,0.00605,0.09622
352,408.0437,196.1531,803.8469,11367.5717,0.785715,18.11067,-17.324955,11356.0,0.0679,0.02253,0.258413
353,419.6153,380.5728,619.4272,10553.6736,-28.55813,12.518624,-41.076753,10892.0,0.08441,0.02021,0.068202
354,81.2889,187.1107,812.8893,12344.0,0.0,16.810551,-16.810551,12344.0,0.08036,0.02068,0.23018
355,81.2889,294.9026,705.0974,10562.5646,-0.530885,11.309762,-11.840647,10570.0,0.0714,0.01604,0.407699
356,73.8536,261.4643,738.5357,10124.1981,0.138835,5.317457,-5.178622,10122.0,0.06316,0.0072,0.357007
357,76.0517,239.4829,760.5171,10063.3681,0.208821,4.601128,-4.392308,10060.0,0.062,0.00605,0.319324
358,79.4198,205.8022,794.1978,9889.6377,1.826445,5.011388,-3.184943,9858.0,0.05773,0.00631,0.298968
359,111.0575,-0.0,1000.0,11360.2902,1.958997,7.0,-5.041003,11326.0,0.05713,0.007,0.03429
360,145.3477,0.0,1000.0,9991.2613,-0.373458,5.52,-5.893458,9998.0,0.05542,0.00552,-0.006739
361,138.609,-0.0,1000.0,9627.391,-2.062491,5.52,-7.582491,9666.0,0.05342,0.00552,-0.038609
362,100.0,-0.0,1000.0,9641.3899,2.868644,5.52,-2.651356,9586.0,0.05179,0.00552,0.05539
363,155.3899,12.4081,987.5919,9717.8509,12.666238,5.451507,7.214731,9472.0,0.05152,0.00552,0.261504
364,401.2408,-12.4081,987.5919,9418.114,-1.2779,5.451507,-6.729408,9442.0,0.0535,0.00552,-0.03675
365,377.3548,-0.0,1000.0,11190.9354,-3.117756,5.52,-8.637756,11246.0,0.05662,0.00552,-0.055065
366,322.2903,149.4358,850.5642,10080.6533,5.99189,7.816685,-1.824795,9988.0,0.06467,0.00919,0.284622
367,414.9436,150.7082,849.2918,9929.6518,-8.391565,12.136379,-20.527945,10038.0,0.07745,0.01429,0.049877
368,306.5954,-0.0,1000.0,10034.5127,-10.523359,15.03,-25.553359,10178.0,0.07334,0.01503,-0.143487
369,163.1081,-0.0,1000.0,10082.8919,-4.046492,9.05,-13.096492,10146.0,0.06412,0.00905,-0.063108
370,100.0,130.0431,869.9569,12150.3882,-0.526726,5.44593,-5.972656,12160.0,0.0548,0.00626,0.138434
371,90.3882,96.1179,903.8821,10706.0,0.0,5.468487,-5.468487,10706.0,0.04884,0.00605,0.106339
372,90.3882,271.5229,728.4771,10553.562,-0.020927,4.407286,-4.428213,10554.0,0.04778,0.00605,0.372126
373,89.9502,100.4977,899.5023,10826.0995,14.999864,6.044655,8.955209,10506.0,0.04686,0.00672,0.467589
374,410.0498,333.7273,666.2727,10647.323,1.099444,4.03095,-2.931506,10624.0,0.04714,0.00605,0.535892
375,433.3727,343.1389,656.8611,11058.9412,0.045938,3.97401,-3.928072,11058.0,0.04881,0.00605,0.523825
376,434.3139,468.4731,531.5269,11710.5334,0.780706,7.207505,-6.426799,11698.0,0.06229,0.01356,0.904952
377,446.8473,577.1209,422.8791,10536.8062,-26.497911,9.963031,-36.460942,10846.0,0.0857,0.02356,0.633579
378,137.6535,77.1209,922.8791,10412.6344,-3.519461,13.843186,-17.362647,10458.0,0.07758,0.015,0.034409
379,92.2879,280.2258,719.7742,10214.3835,-0.520892,5.743798,-6.26469,10222.0,0.06839,0.00798,0.378743
380,84.6714,153.2859,846.7141,10233.9703,0.121095,5.164956,-5.043861,10232.0,0.06146,0.0061,0.183363
381,86.6417,133.5828,866.4172,12016.1323,0.361437,5.241824,-4.880387,12010.0,0.05894,0.00605,0.161256
382,92.774,72.2598,927.7402,10313.226,16.85749,5.612828,11.244662,10006.0,0.05487,0.00605,0.409043
383,400.0,-0.0,1000.0,10052.2853,-2.486422,5.52,-8.006422,10098.0,0.05439,0.00552,-0.045715
384,354.2853,-39.2744,960.7256,9561.7873,-13.334106,5.303205,-18.637311,9820.0,0.05164,0.00552,-0.309648
385,96.0726,-349.3255,650.6745,9506.9949,-1.51615,3.591723,-5.107873,9538.0,0.0489,0.00552,-0.584517
386,65.0675,-603.6403,396.3597,9888.6329,16.419616,2.187906,14.231711,9528.0,0.04553,0.00552,-0.613098
387,425.7004,-257.0036,742.9964,11161.219,-0.581921,4.10134,-4.683261,11174.0,0.04553,0.00552,-0.363104
388,412.9193,-129.1932,870.8068,9742.471,-0.356573,4.806854,-5.163427,9750.0,0.04736,0.00552,-0.157006
389,405.3903,-53.9033,946.0967,9600.0,0.0,5.222454,-5.222454,9600.0,0.05,0.00552,-0.056974
390,405.3903,-274.9363,725.0637,9848.5978,1.134283,7.069371,-5.935088,9830.0,0.06099,0.00975,-0.353539
391,423.9882,-239.8818,760.1182,9576.0236,-26.762861,8.270086,-35.032948,9924.0,0.07691,0.01088,-0.773377
392,76.0118,-355.0211,644.9789,11864.6246,-0.766135,6.449789,-7.215924,11876.0,0.06735,0.01,-0.568075
393,64.6364,-353.636,646.364,10599.162,0.622616,3.910502,-3.287886,10588.0,0.05578,0.00605,-0.529847
394,75.7984,-242.0161,757.9839,10273.41,0.907755,4.585803,-3.678048,10256.0,0.05214,0.00605,-0.29632
395,93.2083,-67.9165,932.0835,10280.7114,0.231143,5.639105,-5.407962,10276.0,0.04906,0.00605,-0.067811
396,97.9198,-20.8022,979.1978,10506.7827,0.038022,5.924147,-5.886125,10506.0,0.04858,0.00605,-0.020445
397,98.7025,12.9755,987.0245,12622.9493,6.498243,5.971498,0.526745,12486.0,0.04745,0.00605,0.151896
398,235.6517,-0.0,1000.0,11226.3483,7.821334,6.05,1.771334,11062.0,0.04759,0.00605,0.164348
399,400.0,191.5095,808.4905,10668.4275,0.127077,4.891367,-4.76429,10666.0,0.05235,0.00605,0.239875
400,402.4275,24.2745,975.7255,10868.0,0.0,5.903139,-5.903139,10868.0,0.05826,0.00605,0.024878
401,402.4275,164.8804,835.1196,10603.7026,-12.56029,11.307519,-23.86781,10786.0,0.0689,0.01354,-0.020856
402,220.1301,159.3049,840.6951,10471.9394,-8.590863,6.977769,-15.568632,10608.0,0.06314,0.0083,0.027649
403,84.0695,159.3049,840.6951,12463.8875,0.57298,5.086205,-4.513225,12454.0,0.05795,0.00605,0.201253
404,93.957,60.43,939.57,10546.0,0.0,6.57699,-6.57699,10546.0,0.05332,0.007,0.064317
405,93.957,121.564,878.436,10989.5282,1.119036,6.149052,-5.030016,10968.0,0.05198,0.007,0.162894
406,115.4852,-0.0,1000.0,10439.6862,3.188768,6.05,-2.861232,10376.0,0.05007,0.00605,0.063686
407,179.1714,-0.0,1000.0,10237.9054,1.028019,5.27,-4.241981,10216.0,0.04693,0.00527,0.021905
408,201.0768,-0.0,1000.0,10290.9232,9.051007,5.52,3.531007,10092.0,0.0455,0.00552,0.198923
409,400.0,-0.0,1000.0,11404.7191,-12.609753,5.52,-18.129753,11694.0,0.04359,0.00552,-0.289281
410,110.7191,-306.7471,693.2529,10144.6062,-1.755927,3.826756,-5.582683,10186.0,0.04242,0.00552,-0.502185
411,69.3253,-636.2011,363.7989,10586.5527,15.960378,1.582525,14.377853,10206.0,0.04194,0.00435,-0.702719
412,449.8779,-498.7794,501.2206,9803.5589,-0.103553,2.766738,-2.870291,9806.0,0.04242,0.00552,-1.0
413,447.4368,-474.368,525.632,9881.7697,-0.627556,2.901489,-3.529045,9896.0,0.0441,0.00552,-0.929544
414,433.2065,-332.065,667.935,10118.5346,-1.210578,10.620167,-11.830745,10142.0,0.05159,0.0159,-0.532283
415,409.7411,-97.4114,902.5886,12030.5177,-19.220053,8.655825,-27.875879,12350.0,0.06016,0.00959,-0.461887
416,90.2589,-239.0146,760.9854,11010.5113,0.459097,4.459374,-4.000278,11002.0,0.05394,0.00586,-0.302901
417,98.7701,12.2988,987.7012,10920.0,0.0,5.975592,-5.975592,10920.0,0.05018,0.00605,0.012452
418,98.7701,244.0502,755.9498,10849.8157,-0.744803,5.004388,-5.74919,10866.0,0.04602,0.00662,0.30143
419,82.5858,174.1421,825.8579,10956.0,0.0,4.129289,-4.129289,10956.0,0.04406,0.005,0.210862
420,82.5858,307.7613,692.2387,11165.8549,0.333046,4.014984,-3.681939,11158.0,0.0424,0.0058,0.455935
421,90.4406,95.5936,904.4064,13282.0,9.3728,4.974235,4.398565,13050.0,0.0404,0.0055,0.362219
422,322.4406,8.3184,991.6816,11706.3912,3.261858,5.751753,-2.489895,11628.0,0.04161,0.0058,0.087437
423,400.8318,-66.6796,933.3204,11127.8361,0.257781,5.553257,-5.295475,11122.0,0.04417,0.00595,-0.06519
424,406.668,-275.3234,724.6766,11333.8518,0.198252,4.384293,-4.186042,11330.0,0.05147,0.00605,-0.374611
425,410.5197,-105.1975,894.8025,10980.9605,-19.365102,16.35699,-35.722092,11302.0,0.06032,0.01828,-0.476348
426,89.4803,-300.9974,699.0026,11846.2153,-0.216485,6.256073,-6.472558,11850.0,0.0572,0.00895,-0.436024
427,85.6956,-143.0445,856.9555,12338.3044,0.703493,5.184581,-4.481088,12324.0,0.04918,0.00605,-0.15023
428,100.0,-0.0,1000.0,11431.8972,12.279133,5.8,6.479133,11166.0,0.04618,0.0058,0.265897
429,365.8972,-0.0,1000.0,10771.343,-4.570372,5.78,-10.350372,10876.0,0.04367,0.00578,-0.104657
430,261.2402,-0.0,1000.0,10577.9293,0.328431,5.8,-5.471569,10570.0,0.04142,0.0058,0.007929
431,269.1695,-40.6685,959.3315,10182.7637,-7.14773,5.055677,-12.203407,10356.0,0.04126,0.00527,-0.222973
432,95.9332,-57.5019,942.4981,11972.3167,-0.062082,5.202589,-5.264671,11974.0,0.03688,0.00552,-0.062796
433,94.2498,-69.465,930.535,10348.8037,-0.041524,5.136553,-5.178077,10350.0,0.03471,0.00552,-0.075936
434,93.0535,-527.0801,472.9199,10167.6545,10.506577,2.610518,7.89606,9858.0,0.03393,0.00552,-0.459751
435,402.708,-27.0801,972.9199,9748.299,-3.707893,6.285063,-9.992956,9858.0,0.0338,0.00646,-0.140588
436,293.007,-297.443,702.557,10143.8541,4.428026,3.878115,0.549912,10014.0,0.0341,0.00552,-0.238541
437,422.8612,-228.6117,771.3883,11722.0,0.0,5.206871,-5.206871,11722.0,0.03535,0.00675,-0.296364
438,422.8612,-305.8759,694.1241,10774.2318,-0.49191,10.196683,-10.688593,10786.0,0.0418,0.01469,-0.457619
439,411.093,-110.93,889.07,10611.814,-17.059749,9.459705,-26.519453,10934.0,0.05295,0.01064,-0.487156
440,88.907,-206.6043,793.3957,11569.4106,-0.443729,5.196742,-5.64047,11578.0,0.05166,0.00655,-0.271231
441,80.3176,-196.8241,803.1759,12332.0,0.0,5.260802,-5.260802,12332.0,0.05008,0.00655,-0.245057
442,80.3176,-419.6824,-0.0,12917.6824,19.145911,-0.0,19.145911,12498.0,0.04562,0.00605,-0.111487
443,500.0,-0.0,-0.0,13012.0,0.0,-0.0,0.0,13012.0,0.04633,0.0063,-0.003993
444,500.0,500.0,0.0,14458.0,-23.13,0.0,-23.13,14958.0,0.04626,0.00655,0.287551
445,-0.0,-411.345,-0.0,13603.345,18.424144,-0.0,18.424144,13192.0,0.04479,0.00605,0.14025
446,411.345,-113.4503,886.5497,12724.6568,-3.574222,5.363626,-8.937848,12806.0,0.04394,0.00605,-0.219721
447,330.0018,-0.0,1000.0,12849.9982,3.093221,6.05,-2.956779,12780.0,0.04419,0.00605,0.069998
448,400.0,-0.0,1000.0,12381.5713,-1.085992,8.18,-9.265992,12402.0,0.05316,0.00818,-0.020429
449,379.5713,430.4629,569.5371,14124.4673,-19.577455,6.959744,-26.537199,14424.0,0.06536,0.01222,0.229889
450,80.0386,199.614,800.386,12435.8928,0.324397,7.379559,-7.055162,12430.0,0.05505,0.00922,0.25676
451,85.9314,140.6863,859.3137,11650.0,0.0,7.476029,-7.476029,11650.0,0.04663,0.0087,0.163719
452,85.9314,168.6659,831.3341,11361.202,-0.11536,5.029571,-5.144931,11364.0,0.04123,0.00605,0.19952
453,83.1334,373.8533,626.1467,11158.5998,-0.449055,3.788187,-4.237243,11170.0,0.03939,0.00605,0.578863
454,71.7332,282.6683,717.3317,13054.5337,13.452015,4.339857,9.112159,12698.0,0.03773,0.00605,0.891083
455,428.2668,622.0332,377.9668,10560.3358,-14.117443,2.086377,-16.20382,10924.0,0.03882,0.00552,0.683576
456,64.6027,353.9734,646.0266,10358.0,0.0,3.566067,-3.566067,10358.0,0.02994,0.00552,0.547924
457,64.6027,384.6128,615.3872,10277.9833,0.394189,3.396938,-3.002749,10264.0,0.02819,0.00552,0.647716
458,78.5859,214.1406,785.8594,10105.4141,0.588244,4.172914,-3.584669,10084.0,0.02747,0.00531,0.299741
459,100.0,-0.0,1000.0,10340.0816,7.940893,5.17,2.770893,10042.0,0.02664,0.00517,0.298082
460,398.0816,163.8649,836.1351,11630.3049,0.498627,4.615466,-4.116839,11612.0,0.02724,0.00552,0.217871
461,416.3865,201.1893,798.8107,10438.5049,-0.452148,4.409435,-4.861583,10454.0,0.02918,0.00552,0.232463
462,400.8913,-8.9135,991.0865,10462.0,0.0,9.088263,-9.088263,10462.0,0.03419,0.00917,-0.008994
463,400.8913,-38.1467,961.8533,10383.294,-12.544747,8.52202,-21.066767,10688.0,0.04117,0.00886,-0.35645
464,96.1853,-610.2899,389.7101,11700.376,13.952696,2.572087,11.380609,11372.0,0.04249,0.0066,-0.723394
465,424.5613,-245.6132,754.3868,13792.8774,-15.148432,4.752637,-19.901068,14142.0,0.04339,0.0063,-0.78837
466,75.4387,-613.5025,386.4975,13035.9744,14.541302,2.33831,12.202993,12690.0,0.04203,0.00605,-0.692186
467,421.413,-214.1304,785.8696,12311.4641,-10.302297,4.754511,-15.056808,12556.0,0.04213,0.00605,-0.583642
468,176.8771,-0.0,1000.0,12478.4596,-0.467732,6.3,-6.767732,12490.0,0.04053,0.0063,-0.01154
469,165.3368,-0.0,1000.0,12922.6632,9.438156,6.3,3.138156,12688.0,0.04022,0.0063,0.234663
470,400.0,245.0775,754.9225,14458.0,-11.1112,4.703167,-15.814367,14730.0,0.04085,0.00623,-0.035663
471,128.0,-117.6293,882.3707,12989.5262,7.121692,5.338343,1.783349,12828.0,0.04409,0.00605,0.049749
472,289.5262,-0.0,1000.0,12161.7545,-2.567868,9.84,-12.407868,12214.0,0.04915,0.00984,-0.052246
473,237.2807,-0.0,1000.0,12248.2558,-6.242006,19.12,-25.362006,12350.0,0.06135,0.01912,-0.101744
474,135.5365,-0.0,1000.0,12036.4635,-1.859981,12.19,-14.049981,12072.0,0.05234,0.01219,-0.035537
475,100.0,99.4203,900.5797,13741.2519,-0.033087,7.195632,-7.228719,13742.0,0.04423,0.00799,0.109565
476,99.2519,7.4807,992.5193,11526.0,0.0,6.004742,-6.004742,11526.0,0.04016,0.00605,0.007537
477,99.2519,7.4807,992.5193,11830.4263,8.613336,6.95756,1.655776,11600.0,0.03738,0.00701,0.2397
478,329.6783,-0.0,1000.0,10768.5487,-2.591539,6.05,-8.641539,10840.0,0.03627,0.00605,-0.071451
479,258.227,-0.0,1000.0,10373.8061,-1.851839,5.52,-7.371839,10426.0,0.03548,0.00552,-0.052194
480,206.0331,436.8024,563.1976,11999.0117,-4.853494,3.108851,-7.962345,12136.0,0.03543,0.00552,0.532343
481,69.0448,309.5518,690.4482,10536.0,0.0,3.362483,-3.362483,10536.0,0.03315,0.00487,0.448335
482,69.0448,383.1668,616.8332,10164.7359,0.608168,3.404919,-2.796751,10146.0,0.03246,0.00552,0.651558
483,87.7807,122.1926,877.8074,10410.4385,10.47612,4.845497,5.630623,10086.0,0.03229,0.00552,0.508803
484,412.2193,545.8032,454.1968,9785.5526,-10.203819,2.507167,-12.710986,10100.0,0.03245,0.00552,0.509373
485,97.7718,45.8032,954.1968,10572.8085,10.017297,5.267167,4.750131,10266.0,0.03265,0.00552,0.369538
486,404.5803,203.6887,796.3113,12201.1581,-0.445099,4.594716,-5.039815,12214.0,0.03466,0.00577,0.239664
487,391.7385,-0.0,1000.0,11186.2615,0.297994,9.2,-8.902006,11178.0,0.03607,0.0092,0.008262
488,400.0,91.6213,908.3787,11826.0,0.0,7.321532,-7.321532,11826.0,0.0378,0.00806,0.100862
489,400.0,-0.0,1000.0,12022.3087,-4.368248,8.72,-13.088248,12134.0,0.03911,0.00872,-0.111691
490,288.3087,-0.0,1000.0,12478.6602,2.374823,7.74,-5.365177,12416.0,0.0379,0.00774,0.06266
491,350.9689,188.8618,811.1382,12554.9277,1.616226,5.921309,-4.305082,12512.0,0.03765,0.0073,0.285758
492,393.8966,459.4409,540.5591,14458.0,-10.605,2.92983,-13.53483,14758.0,0.03535,0.00542,0.294956
493,93.8966,61.0343,938.9657,13145.5495,2.999446,4.694828,-1.695383,13058.0,0.03426,0.005,0.158242
494,181.4461,-0.0,1000.0,12928.5539,7.415535,5.0,2.415535,12710.0,0.03393,0.005,0.218554
495,400.0,80.2732,919.7268,12598.0273,0.283766,4.929735,-4.64597,12590.0,0.03535,0.00536,0.096007
496,408.0273,223.7028,776.2972,12535.9727,-0.327194,6.986675,-7.313869,12544.0,0.04076,0.009,0.277826
497,400.0,-0.0,1000.0,12149.4601,-10.724985,18.6,-29.324985,12344.0,0.05513,0.0186,-0.19454
498,205.4601,-86.5917,913.4083,13855.8807,-5.973002,9.983552,-15.956555,13970.0,0.05234,0.01093,-0.219739
499,91.3408,-359.0839,640.9161,11982.7508,-1.140924,3.653222,-4.794146,12010.0,0.04187,0.0057,-0.602783
500,64.0916,-444.3296,555.6704,11372.3509,0.412173,3.056187,-2.644014,11362.0,0.03982,0.0055,-0.781
501,74.4425,-255.5749,744.4251,11206.8922,1.632906,4.094338,-2.461433,11164.0,0.03807,0.0055,-0.285701
502,117.3347,-0.0,1000.0,10778.6653,-0.615729,7.0,-7.615729,10796.0,0.03552,0.007,-0.017335
503,100.0,-134.7349,865.2651,12328.5265,-0.503235,4.776263,-5.279498,12342.0,0.03735,0.00552,-0.171287
504,86.5265,-303.0689,696.9311,10643.1666,-0.590347,3.847059,-4.437407,10660.0,0.03507,0.00552,-0.459016
505,69.6931,-551.0705,448.9295,10291.731,3.470838,2.478091,0.992747,10188.0,0.03346,0.00552,-0.996458
506,173.4241,-590.5717,409.4283,10277.6331,7.646294,2.45657,5.189724,10042.0,0.03245,0.006,-0.866913
507,409.0572,-90.5717,909.4283,9851.5382,-0.526778,5.45657,-5.983348,9868.0,0.032,0.006,-0.117693
508,392.5953,-0.0,1000.0,10455.4047,0.23843,6.0,-5.76157,10448.0,0.0322,0.006,0.007405
509,400.0,-75.5628,924.4372,11250.893,-1.095179,5.102893,-6.198072,11284.0,0.03308,0.00552,-0.117552
510,366.893,-21.3961,978.6039,10575.2466,1.147629,5.401894,-4.254264,10540.0,0.03256,0.00552,0.014153
511,402.1396,-21.3961,978.6039,10823.7208,-10.260295,8.093054,-18.35335,11128.0,0.03372,0.00827,-0.332796
512,97.8604,-227.7513,772.2487,11388.4868,-0.526209,4.672105,-5.198313,11404.0,0.03392,0.00605,-0.315008
513,82.3472,-176.5284,823.4716,11784.0,-0.0,4.578502,-4.578502,11784.0,0.03395,0.00556,-0.214371
514,82.3472,-184.1908,815.8092,12047.5733,1.267348,4.079046,-2.811698,12010.0,0.03373,0.005,-0.17972
515,119.9205,60.8043,939.1957,14458.0,-0.81408,4.695978,-5.510058,14482.0,0.03392,0.005,0.039187
516,95.9205,40.7953,959.2047,12115.1248,2.044845,4.796024,-2.751178,12055.0,0.03401,0.005,0.105212
517,156.0453,-0.0,1000.0,12660.9409,7.729439,6.57,1.159439,12435.0,0.03421,0.00657,0.225941
518,381.9862,-0.0,1000.0,12298.0138,0.636607,5.96,-5.323393,12280.0,0.03534,0.00596,0.018014
519,400.0,160.9649,839.0351,12442.0965,0.570781,5.076163,-4.505381,12426.0,0.03546,0.00605,0.21103
520,416.0965,329.5325,670.4675,12664.8568,0.69787,5.068734,-4.370864,12648.0,0.0414,0.00756,0.516638
521,432.9533,376.6808,623.3192,12847.8054,-14.418144,9.973107,-24.391251,13116.0,0.05376,0.016,0.174046
522,164.7586,-0.0,1000.0,11673.2414,-3.070205,12.92,-15.990205,11738.0,0.04741,0.01292,-0.064759
523,100.0,206.9607,793.0393,11179.5747,-0.513537,5.701953,-6.215489,11192.0,0.04133,0.00719,0.245304
524,87.5747,124.2528,875.7472,10836.0,0.0,4.81661,-4.81661,10836.0,0.03706,0.0055,0.141882
525,87.5747,284.6326,715.3674,10760.4253,0.439234,3.934521,-3.495287,10748.0,0.03535,0.0055,0.415252
526,100.0,-0.0,1000.0,12300.0813,7.422199,6.05,1.372199,12086.0,0.03467,0.00605,0.214081
527,314.0813,488.0178,511.9822,10336.0773,-8.208439,2.826142,-11.034581,10578.0,0.03393,0.00552,0.480671
528,72.1586,278.4143,721.5857,9956.5929,0.084969,3.983153,-3.898184,9954.0,0.03277,0.00552,0.38943
529,74.7515,252.4855,747.5145,10426.3096,0.266822,4.485087,-4.218265,10418.0,0.03211,0.006,0.348883
530,83.0611,169.3893,830.6107,9713.8779,10.280099,4.377318,5.902781,9380.0,0.03079,0.00527,0.6059
531,416.9389,338.8437,661.1563,10604.9812,-2.797918,2.83636,-5.634278,10696.0,0.03074,0.00429,0.374836
532,325.9201,-0.0,1000.0,10046.0799,2.323144,4.75,-2.426856,9972.0,0.03136,0.00475,0.07408
533,400.0,-0.0,1000.0,9770.8758,-1.450268,5.52,-6.970268,9814.0,0.03363,0.00552,-0.043124
534,356.8758,20.602,979.398,10181.1844,1.604047,5.533599,-3.929551,10136.0,0.0355,0.00565,0.06717
535,402.0602,-194.0551,805.9449,12095.0354,-1.768854,8.075568,-9.844422,12138.0,0.04117,0.01002,-0.294089
536,359.0956,-0.0,1000.0,10565.6766,-3.43302,7.75,-11.18302,10646.0,0.04274,0.00775,-0.080323
537,278.7722,-0.0,1000.0,10585.2278,-7.553126,8.05,-15.603126,10764.0,0.04225,0.00805,-0.178772
538,100.0,-0.0,1000.0,11192.4396,5.055003,8.05,-2.994997,11074.0,0.04268,0.00805,0.11844
539,218.4396,-207.7289,792.2711,11336.7875,-5.922101,5.696429,-11.61853,11476.0,0.04254,0.00719,-0.437908
540,79.2271,-326.1044,673.8956,11214.1625,-0.489127,4.414016,-4.903144,11226.0,0.04132,0.00655,-0.501475
541,67.3896,-642.0939,357.9061,11722.6918,15.467278,2.254808,13.21247,11348.0,0.04128,0.0063,-0.747129
542,442.0814,-420.8137,579.1863,11510.9894,-0.370966,3.79367,-4.164636,11520.0,0.04117,0.00655,-0.742117
543,433.0708,-330.7079,669.2921,11368.6552,-0.232125,4.049217,-4.281343,11374.0,0.04343,0.00605,-0.502102
544,427.726,-277.2597,722.7403,11356.5954,-1.13887,6.504663,-7.643532,11380.0,0.04866,0.009,-0.416006
545,404.3213,-43.2133,956.7867,11115.3573,-20.000045,18.054564,-38.054609,11424.0,0.0648,0.01887,-0.367748
546,95.6787,-228.3292,771.6708,11364.4696,-0.668992,7.878759,-8.547751,11376.0,0.05802,0.01021,-0.310831
547,84.1483,-158.517,841.483,11194.0,-0.0,5.292928,-5.292928,11194.0,0.04759,0.00629,-0.188378
548,84.1483,-269.609,730.391,10928.3591,0.193369,4.280091,-4.086722,10924.0,0.04436,0.00586,-0.363162
549,88.5074,-114.9261,885.0739,10767.4926,0.487861,5.142279,-4.654418,10756.0,0.04245,0.00581,-0.116864
550,100.0,-0.0,1000.0,10640.1383,2.134259,6.05,-3.915741,10582.0,0.03671,0.00605,0.058138
551,158.1383,181.1501,818.8499,10277.9182,-2.871326,4.520051,-7.391378,10354.0,0.03774,0.00552,0.128312
552,82.0566,179.4343,820.5657,10306.0,0.0,5.538819,-5.538819,10306.0,0.03525,0.00675,0.218671
553,82.0566,187.0964,812.9036,10321.2338,-0.02602,4.487228,-4.513249,10322.0,0.03396,0.00552,0.229216
554,81.2904,376.4839,623.5161,11715.864,0.312196,3.441809,-3.129613,11706.0,0.03165,0.00552,0.619628
555,91.1544,88.4563,911.5437,10413.6913,10.077167,5.031721,5.045445,10096.0,0.03172,0.00552,0.44556
556,408.8456,214.8662,785.1338,9992.4597,-0.184216,4.333938,-4.518154,9998.0,0.03325,0.00552,0.266612
557,403.3053,33.0529,966.9471,10242.0,0.0,6.526893,-6.526893,10242.0,0.03512,0.00675,0.034183
558,403.3053,-171.3255,828.6745,10178.3802,0.189135,15.512786,-15.323651,10174.0,0.04318,0.01872,-0.201461
559,407.6855,-76.8545,923.1455,9984.6291,-17.354861,9.64687,-27.001731,10300.0,0.05503,0.01045,-0.424879
560,92.3145,-325.2578,674.7422,10306.3088,-1.105383,5.755551,-6.860934,10328.0,0.05096,0.00853,-0.514195
561,70.6234,-293.7664,706.2336,10680.4284,0.498163,4.62583,-4.127667,10670.0,0.04777,0.00655,-0.401196
562,81.0517,-189.4827,810.5173,10813.21,0.218768,4.90363,-4.684862,10808.0,0.04199,0.00605,-0.227352
563,86.2617,-137.3828,862.6172,10800.0,0.0,5.218834,-5.218834,10800.0,0.04055,0.00605,-0.159263
564,86.2617,-305.4268,694.5732,11135.4836,3.977788,4.202168,-0.224379,11030.0,0.03771,0.00605,-0.287865
565,191.7454,-0.0,1000.0,10924.142,-0.663603,6.05,-6.713603,10942.0,0.03716,0.00605,-0.017858
566,173.8874,-0.0,1000.0,11283.2773,5.635218,6.05,-0.414782,11134.0,0.03775,0.00605,0.149277
567,323.1647,-0.0,1000.0,11232.8353,3.017324,6.05,-3.032676,11156.0,0.03927,0.00605,0.076835
568,400.0,-0.0,1000.0,11203.985,-3.896482,6.42,-10.316482,11290.0,0.0453,0.00642,-0.086015
569,313.985,50.7404,949.2596,12814.5537,0.155726,14.836927,-14.681202,12812.0,0.06098,0.01563,0.056143
570,316.5387,-0.0,1000.0,11293.4613,4.452662,12.99,-8.537338,11210.0,0.05335,0.01299,0.083461
571,400.0,-0.0,1000.0,10856.008,-11.84731,6.92,-18.76731,11112.0,0.04628,0.00692,-0.255992
572,144.008,-127.6379,872.3621,10767.1028,-2.219565,5.277791,-7.497356,10820.0,0.04196,0.00605,-0.20695
573,91.1108,-88.8917,911.1083,11130.0,0.0,5.512205,-5.512205,11130.0,0.03962,0.00605,-0.097564
574,91.1108,-209.3343,790.6657,10808.98,-0.192216,4.783527,-4.975744,10814.0,0.03829,0.00605,-0.271106
575,86.0908,-139.0918,860.9082,10688.0,0.0,4.752213,-4.752213,10688.0,0.03653,0.00552,-0.161564
576,86.0908,-341.4489,658.5511,10312.8737,1.814666,3.635202,-1.820536,10262.0,0.03567,0.00552,-0.441234
577,136.9645,-0.0,1000.0,10093.0355,-1.280082,6.0,-7.280082,10130.0,0.03463,0.006,-0.036965
578,100.0,-0.0,1000.0,10198.8256,8.1798,5.27,2.9098,9952.0,0.03314,0.00527,0.246826
579,346.8256,62.1284,937.8716,9929.3873,1.975814,4.539298,-2.563484,9870.0,0.03327,0.00484,0.129565
580,406.2128,143.5612,856.4388,9898.1433,0.2728,4.402096,-4.129296,9890.0,0.0335,0.00514,0.177134
581,414.3561,-295.2029,704.7971,9851.1642,0.539238,3.89048,-3.351242,9836.0,0.03556,0.00552,-0.397332
582,429.5203,-357.0282,642.9718,10409.8533,0.076484,6.037506,-5.961022,10408.0,0.04127,0.00939,-0.552396
583,431.3735,-313.7355,686.2645,10889.064,-0.800269,12.531191,-13.331459,10904.0,0.05358,0.01826,-0.478928
584,416.4376,-164.3758,835.6242,11125.1248,-18.594407,13.369986,-31.964393,11458.0,0.05586,0.016,-0.595065
585,83.5624,-233.2364,766.7636,11971.5407,0.579457,7.705974,-7.126517,11960.0,0.05021,0.01005,-0.289132
586,95.1031,-48.9692,951.0308,12704.6272,11.967999,7.655798,4.312201,12444.0,0.04592,0.00805,0.222556
587,355.7302,202.6977,797.3023,14458.0,-12.70704,6.418284,-19.125324,14734.0,0.04604,0.00805,-0.091938
588,79.7302,-367.6131,632.3869,13043.4956,9.250153,4.142135,5.108018,12836.0,0.04458,0.00655,-0.253195
589,287.2258,-0.0,1000.0,12611.9021,-6.349742,6.55,-12.899742,12750.0,0.04598,0.00655,-0.138098
590,149.1279,-0.0,1000.0,13112.8721,11.469873,6.3,5.169873,12862.0,0.04572,0.0063,0.250872
591,400.0,-74.7323,925.2677,13048.0,0.0,5.59787,-5.59787,13048.0,0.04615,0.00605,-0.080768
592,400.0,-0.0,1000.0,12570.2117,-0.297921,6.9,-7.197921,12576.0,0.05147,0.0069,-0.005788
593,394.2117,279.6991,720.3009,12297.7883,0.378262,9.421536,-9.043274,12292.0,0.06535,0.01308,0.396345
594,400.0,-0.0,1000.0,12087.8714,-3.87249,8.3,-12.17249,12154.0,0.05856,0.0083,-0.066129
595,333.8714,-68.1557,931.8443,11447.313,-12.888788,5.656295,-18.545082,11688.0,0.05355,0.00607,-0.331432
596,93.1844,-241.7747,758.2253,11026.6381,-0.767222,4.170239,-4.937461,11044.0,0.04419,0.0055,-0.341767
597,75.8225,-281.0644,718.9356,12214.4436,0.605764,4.349561,-3.743797,12200.0,0.04194,0.00605,-0.370855
598,90.2661,-97.3388,902.6612,11103.6424,0.297901,5.4611,-5.163199,11096.0,0.03898,0.00605,-0.099369
599,97.9085,-20.9147,979.0853,10860.0,0.0,5.404551,-5.404551,10860.0,0.03767,0.00552,-0.021362
600,97.9085,-279.0821,720.9179,10548.0197,-0.444154,4.181324,-4.625478,10562.0,0.03177,0.0058,-0.406513
601,83.9282,-160.7178,839.2822,10420.0,-0.0,4.632838,-4.632838,10420.0,0.03133,0.00552,-0.191494
602,83.9282,-209.2036,790.7964,10219.1514,-0.145555,4.365196,-4.510751,10224.0,0.03002,0.00552,-0.270679
603,79.0796,-264.9987,735.0013,10351.8649,9.501453,3.197256,6.304197,10030.0,0.02952,0.00435,0.077369
604,400.9446,-9.4457,990.5543,9932.1592,-2.151096,5.46786,-7.618956,10002.0,0.0308,0.00552,-0.080043
605,331.1038,-0.0,1000.0,9875.9127,-6.492832,7.26,-13.752832,10076.0,0.03245,0.00726,-0.200087
606,131.0165,-0.0,1000.0,10432.9835,-1.10853,9.59,-10.69853,10464.0,0.03574,0.00959,-0.031017
607,100.0,-0.0,1000.0,12358.5814,5.880127,11.34,-5.459873,12214.0,0.04067,0.01134,0.144581
608,244.5814,42.7495,957.2505,12577.4186,6.423449,7.399547,-0.976098,12422.0,0.04133,0.00773,0.207018
609,400.0,-0.0,1000.0,12008.432,-8.355414,6.05,-14.405414,12224.0,0.03876,0.00605,-0.215568
610,184.432,-0.0,1000.0,12852.6916,-1.584221,6.05,-7.634221,12896.0,0.03658,0.00605,-0.043308
611,141.1237,-271.1666,728.8334,12695.6488,2.96875,4.409442,-1.440692,12614.0,0.03636,0.00605,-0.260029
612,222.7725,-16.4797,983.5203,12727.5796,-4.523927,5.950298,-10.474225,12852.0,0.03636,0.00605,-0.143261
613,98.352,-516.4797,483.5203,13199.0785,11.383535,2.925298,8.458237,12886.0,0.03636,0.00605,-0.420667
614,411.4305,-114.3055,885.6945,12905.8355,-2.842062,5.358452,-8.200514,12984.0,0.03636,0.00605,-0.21731
615,333.266,-328.2464,671.7536,12893.5586,3.665748,4.064109,-0.398362,12794.0,0.03682,0.00605,-0.340434
616,432.8246,-328.2464,671.7536,12647.1754,-1.338589,6.045783,-7.384371,12680.0,0.04078,0.009,-0.537505
617,400.0,-0.0,1000.0,12515.9116,-13.837551,15.56,-29.397551,12762.0,0.05623,0.01556,-0.246088
618,153.9116,-62.9305,937.0695,12129.7954,-3.011436,13.803033,-16.81447,12190.0,0.05002,0.01473,-0.131405
619,93.7069,-185.0988,814.9012,11808.7148,-0.217328,7.334111,-7.55144,11814.0,0.04112,0.009,-0.233628
620,88.4217,115.7827,884.2173,11717.5783,0.452016,5.349514,-4.897499,11706.0,0.03904,0.00605,0.144038
621,100.0,-0.0,1000.0,11649.0851,0.403053,6.05,-5.646947,11638.0,0.03636,0.00605,0.011085
622,111.0851,-0.0,1000.0,11297.3775,0.552206,6.05,-5.497794,11282.0,0.03591,0.00605,0.015377
623,126.4626,-0.0,1000.0,10782.6941,2.4241,5.52,-3.0959,10712.0,0.03429,0.00552,0.070694
624,197.1566,-0.0,1000.0,10564.6941,-2.680785,5.52,-8.200785,10648.0,0.03218,0.00552,-0.083306
625,113.8507,-0.0,1000.0,10539.1705,1.279168,5.24,-3.960832,10498.0,0.03107,0.00524,0.041171
626,155.0212,-26.5157,973.4843,10112.3272,-1.66386,3.893937,-5.557797,10170.0,0.02885,0.004,-0.086482
627,97.3484,-237.8855,762.1145,10679.4364,3.440963,3.048458,0.392506,10560.0,0.02881,0.004,-0.155422
628,216.7849,-0.0,1000.0,11399.2151,5.454315,4.92,0.534315,11216.0,0.02977,0.00492,0.183215
629,400.0,-92.3005,907.6995,10371.2301,0.299146,5.010501,-4.711355,10362.0,0.03241,0.00552,-0.091518
630,409.2301,-240.9585,759.0415,10379.9512,-7.656526,4.607382,-12.263907,10594.0,0.03577,0.00607,-0.59945
631,195.1813,-0.0,1000.0,10968.8187,-4.530628,12.57,-17.100628,11064.0,0.0476,0.01257,-0.095181
632,100.0,313.8081,686.1919,11622.0596,0.978122,7.486353,-6.508231,11600.0,0.04434,0.01091,0.489466
633,122.0596,-0.0,1000.0,12399.9404,10.96197,7.5,3.46197,12122.0,0.03944,0.0075,0.27794
634,400.0,-0.0,1000.0,11944.3509,-8.079133,6.23,-14.309133,12162.0,0.03712,0.00623,-0.217649
635,182.3509,-363.6434,636.3566,12758.2993,7.773797,3.849957,3.92384,12542.0,0.03594,0.00605,-0.231543
636,398.6503,93.4975,906.5025,14458.0,-10.82312,5.194259,-16.017379,14766.0,0.03514,0.00573,-0.236626
637,90.6503,-173.282,826.718,12834.0215,-0.276613,5.505942,-5.782555,12842.0,0.03467,0.00666,-0.219253
638,82.6718,-525.6848,474.3152,12951.5072,11.493354,3.168425,8.324929,12620.0,0.03467,0.00668,-0.409385
639,414.179,-141.7898,858.2102,12521.7106,-0.444138,5.192172,-5.63631,12534.0,0.03614,0.00605,-0.179535
640,401.8896,-18.896,981.104,12320.0,0.0,8.829936,-8.829936,12320.0,0.04087,0.009,-0.01926
641,401.8896,-28.6337,971.3663,11871.247,-17.453203,18.145122,-35.598325,12176.0,0.05727,0.01868,-0.343214
642,97.1366,-88.4446,911.5554,12602.0189,-0.317835,16.982278,-17.300113,12608.0,0.05314,0.01863,-0.103587
643,91.1555,282.6943,717.3057,12963.5065,-0.623222,5.523254,-6.146476,12978.0,0.043,0.0077,0.3739
644,76.662,233.38,766.62,11746.6018,0.436263,4.638051,-4.201788,11736.0,0.04115,0.00605,0.318256
645,87.2638,127.3622,872.6378,11326.17,0.593923,5.209648,-4.615725,11310.0,0.03673,0.00597,0.164481
646,103.4338,-0.0,1000.0,10848.1199,3.24354,6.05,-2.80646,10756.0,0.03521,0.00605,0.09212
647,195.5536,-0.0,1000.0,10658.4464,7.082023,7.0,0.082023,10454.0,0.03464,0.007,0.204446
648,400.0,-0.0,1000.0,9970.587,-7.904875,7.9,-15.804875,10198.0,0.03476,0.0079,-0.227413
649,172.587,-50.0705,949.9295,11550.4059,-2.5156,7.247962,-9.763562,11628.0,0.03242,0.00763,-0.134394
650,94.9929,-148.9895,851.0105,10134.1081,-0.30932,5.744321,-6.05364,10144.0,0.03127,0.00675,-0.186697
651,85.101,209.6395,790.3605,9732.9904,0.029919,4.36279,-4.332871,9732.0,0.03021,0.00552,0.266498
652,86.0914,139.0857,860.9143,9796.0,0.0,5.811171,-5.811171,9796.0,0.0305,0.00675,0.161556
653,86.0914,199.8836,800.1164,10080.6549,6.04948,10.609543,-4.560063,9890.0,0.03173,0.01326,0.488102
654,276.7463,-0.0,1000.0,10325.2537,4.380435,17.22,-12.839565,10202.0,0.03554,0.01722,0.123254
655,400.0,167.699,832.301,10664.7699,0.629374,13.316816,-12.687441,10648.0,0.03753,0.016,0.221637
656,416.7699,436.2711,563.7289,12907.0485,-11.481862,5.992438,-17.4743,13210.0,0.0379,0.01063,0.236496
657,113.8184,-0.0,1000.0,11878.1816,-0.497047,7.05,-7.547047,11892.0,0.03597,0.00705,-0.013818
658,100.0,-0.0,1000.0,12628.6634,0.919807,6.46,-5.540193,12600.0,0.03209,0.00646,0.028663
659,128.6634,125.6506,874.3494,12678.3821,3.919108,5.368505,-1.449397,12552.0,0.03101,0.00614,0.288252
660,255.0454,-0.0,1000.0,12636.9546,4.216728,6.05,-1.833272,12492.0,0.02909,0.00605,0.144955
661,400.0,-128.0908,871.9092,12746.3289,-2.856957,4.935006,-7.791963,12848.0,0.0281,0.00566,-0.263516
662,298.3289,-247.3464,450.0,12870.6711,4.350755,2.7225,1.628255,12714.0,0.02777,0.00605,-0.201501
663,455.0,252.6536,450.0,14458.0,-12.505,2.8935,-15.3985,14868.0,0.0305,0.00643,-0.349659
664,45.0,-507.6684,450.0,12747.7668,12.473185,4.05,8.423185,12392.0,0.03506,0.009,-0.337559
665,400.7668,-7.6684,992.3316,12386.6289,-12.122393,16.165082,-28.287475,12648.0,0.04638,0.01629,-0.271119
666,139.3957,-321.2155,678.7845,12146.4827,-3.067375,7.928203,-10.995578,12218.0,0.04289,0.01168,-0.578582
667,67.8785,-440.8101,559.1899,11891.3958,-0.023599,4.439968,-4.463568,11892.0,0.03906,0.00794,-0.789382
668,67.2743,-327.2573,672.7427,11454.3169,0.010688,4.359372,-4.348685,11454.0,0.03373,0.00648,-0.485982
669,67.5911,-324.0888,675.9112,11294.0,0.0,4.089263,-4.089263,11294.0,0.03235,0.00605,-0.479484
670,67.5911,-645.1897,354.8103,13239.3957,9.613915,2.3382,7.275715,12922.0,0.03029,0.00659,-0.923857
671,384.9868,-145.1897,854.8103,10598.4942,-9.197822,4.718553,-13.916375,10898.0,0.03071,0.00552,-0.520227
672,85.481,-241.0545,758.9455,10802.4135,-0.279062,4.189379,-4.468442,10812.0,0.02911,0.00552,-0.330249
673,75.8946,-284.996,715.004,10245.6058,-0.117675,3.818122,-3.935797,10250.0,0.02678,0.00534,-0.404739
674,71.5004,-369.7002,630.2998,9939.7705,-0.111068,3.523376,-3.634444,9944.0,0.02626,0.00559,-0.593257
675,67.2709,-327.2914,672.7086,9989.6708,3.81907,3.134822,0.684248,9838.0,0.02518,0.00466,-0.261065
676,218.9416,-0.0,1000.0,9701.0584,-3.081778,5.63,-8.711778,9820.0,0.02591,0.00563,-0.118942
677,100.0,87.9278,912.0722,11154.7928,8.108899,5.508916,2.599983,10846.0,0.02626,0.00604,0.434966
678,408.7928,281.47,718.53,10961.3542,0.510371,3.973471,-3.4631,10942.0,0.02637,0.00553,0.418666
679,428.147,290.5992,709.4008,11094.6605,-0.205872,5.263754,-5.469626,11102.0,0.02805,0.00742,0.399294
680,420.8075,208.0755,791.9245,11254.0,0.0,4.791143,-4.791143,11254.0,0.02833,0.00605,0.262747
681,420.8075,269.2115,730.7885,11906.1136,0.177294,4.421271,-4.243976,11900.0,0.029,0.00605,0.376751
682,426.9211,539.4453,460.5547,11950.0253,-9.877578,2.463968,-12.341546,12296.0,0.02855,0.00535,0.420082
683,80.9464,190.5357,809.4643,12677.405,8.124939,4.897259,3.22768,12390.0,0.02827,0.00605,0.590441
684,368.3514,341.9366,658.0634,14458.0,-3.4965,3.981283,-7.477783,14584.0,0.02775,0.00605,0.32814
685,242.3514,-0.0,1000.0,12956.315,4.183267,6.05,-1.866733,12806.0,0.02783,0.00605,0.150315
686,392.6664,-0.0,1000.0,12619.3336,0.206807,6.05,-5.843193,12612.0,0.0282,0.00605,0.007334
687,400.0,140.2734,859.7266,12376.0273,0.412825,5.201346,-4.788521,12362.0,0.02943,0.00605,0.179477
688,414.0273,531.4868,468.5132,11912.0203,-10.003393,2.834505,-12.837897,12226.0,0.03186,0.00605,0.46425
689,100.0477,31.4868,968.5132,12123.9707,8.042228,14.392106,-6.349878,11916.0,0.03867,0.01486,0.247242
690,308.0184,-0.0,1000.0,13759.9816,3.276385,10.44,-7.163615,13668.0,0.03562,0.01044,0.091982
691,400.0,381.4756,618.5244,11211.9322,-9.968603,3.742072,-13.710676,11508.0,0.03367,0.00605,0.138083
692,103.9322,-0.0,1000.0,11523.4949,1.488806,5.5,-4.011194,11474.0,0.03008,0.0055,0.049495
693,153.427,-0.0,1000.0,11300.573,7.160479,5.5,1.660479,11054.0,0.02904,0.0055,0.246573
694,400.0,-10.533,989.467,10291.3418,-8.134367,5.729014,-13.863381,10588.0,0.02742,0.00579,-0.310461
695,103.3418,-510.533,489.467,10483.5407,8.352807,2.026393,6.326413,10176.0,0.02716,0.00414,-0.414721
696,410.8826,-108.8257,891.1743,9864.2349,-8.890371,4.696489,-13.586859,10186.0,0.02763,0.00527,-0.483172
697,89.1174,-447.9493,552.0507,11688.0876,-0.856287,2.716089,-3.572377,11722.0,0.02525,0.00492,-0.872858
698,55.2051,-673.4491,326.5509,10442.4458,9.811903,1.60663,8.205273,10052.0,0.02513,0.00492,-0.866644
699,445.6509,-456.5088,543.4912,10145.8255,-0.155783,2.619628,-2.775411,10152.0,0.02523,0.00482,-0.851317
700,439.4764,-394.7635,605.2365,9725.5499,-0.465864,3.340905,-3.806769,9744.0,0.02525,0.00552,-0.682731
701,421.0263,-210.2629,789.7371,9867.2486,-0.020055,4.359349,-4.379403,9868.0,0.02669,0.00552,-0.267196
702,420.2749,-202.749,797.251,9966.0,0.0,5.899658,-5.899658,9966.0,0.03388,0.0074,-0.25431
703,420.2749,-202.749,797.251,9963.8874,-6.054138,15.036154,-21.090292,10094.0,0.04653,0.01886,-0.417512
704,290.1623,-101.2143,898.7857,10110.5125,-9.070763,13.967129,-23.037892,10302.0,0.04737,0.01554,-0.325664
705,98.6748,-13.2516,986.7484,12392.0,-0.0,9.610929,-9.610929,12392.0,0.0414,0.00974,-0.01343
706,98.6748,-170.6757,829.3243,11258.2576,-0.583099,5.846736,-6.429835,11274.0,0.03704,0.00705,-0.224783
707,82.9324,-394.317,605.683,11540.8722,6.064253,4.270065,1.794187,11370.0,0.03549,0.00705,-0.368914
708,253.8046,-0.0,1000.0,11588.1954,-5.409307,7.06,-12.469307,11742.0,0.03517,0.00706,-0.153805
709,100.0,-232.0845,767.9155,12146.0762,3.653263,5.413804,-1.760541,12040.0,0.03444,0.00705,-0.164091
710,206.0762,-0.0,1000.0,11813.3781,0.679977,7.06,-6.380023,11794.0,0.03509,0.00706,0.019378
711,225.4543,-0.0,1000.0,12465.5313,0.452026,7.05,-6.597974,12454.0,0.0392,0.00705,0.011531
712,236.9855,-0.0,1000.0,13115.0145,7.415528,12.88,-5.464472,12952.0,0.04549,0.01288,0.163014
713,400.0,-0.0,1000.0,11920.5437,-6.400145,28.0,-34.400145,12026.0,0.06069,0.028,-0.105456
714,294.5437,-0.0,1000.0,11370.2491,-4.499568,22.38,-26.879568,11452.0,0.05504,0.02238,-0.081751
715,212.7928,-0.0,1000.0,11122.335,-4.44441,8.75,-13.19441,11230.0,0.04128,0.00875,-0.107665
716,105.1278,-236.9191,763.0809,10847.1803,-1.062295,4.616639,-5.678935,10876.0,0.03686,0.00605,-0.348245
717,76.3081,-377.2777,622.7223,10898.4381,0.014601,3.76747,-3.752869,10898.0,0.03333,0.00605,-0.605149
718,76.7462,-232.5384,767.4616,10562.0,0.0,4.497325,-4.497325,10562.0,0.03109,0.00586,-0.302997
719,76.7462,-233.3364,766.6636,12075.9202,-0.002382,3.541986,-3.544368,12076.0,0.02985,0.00462,-0.304457
