t,L_kW,pi_e_per_kWh,pi_f_per_kW,alpha,P_kW,F_kW,E_kWh,d_kW,cost_e_usd,rev_fr_usd
0,8932.0,0.03329,0.01017,0.0,-102.9532,224.9767,250.0,9034.9532,3.42731,2.288013
1,10300.0,0.03018,0.00552,0.067038,138.6877,247.0951,352.9532,10177.877,-3.685672,1.363965
2,9182.0,0.02968,0.00552,-0.178518,-269.1698,-0.0,230.8302,9451.1698,7.988961,-0.0
3,9586.0,0.0292,0.00552,0.031211,230.8302,-0.0,500.0,9355.1698,-6.740241,-0.0
4,9518.0,0.02929,0.00552,0.230332,237.8317,0.0,269.1698,9280.1683,-6.966091,0.0
5,8878.0,0.02955,0.00552,-0.256479,-262.1683,0.0,31.3381,9140.1683,7.747073,0.0
6,10686.0,0.03253,0.00705,-0.478838,121.9509,0.0,293.5064,10564.0491,-3.967064,0.0
7,9338.0,0.03265,0.00992,-0.331004,123.1031,64.3489,171.5555,9193.5971,-4.714754,0.638341
8,10286.0,0.03352,0.00655,-0.317826,27.1526,0.0,27.1526,10258.8474,-0.910155,0.0
9,9224.0,0.03409,0.00655,-0.242066,-250.0,-0.0,0.0,9474.0,8.5225,-0.0
10,10376.0,0.03434,0.00605,-0.369219,222.5236,24.9786,250.0,10144.2539,-7.958163,0.15112
11,8724.0,0.03434,0.00605,-0.083447,-277.4764,0.0,18.2539,9001.4764,9.52854,0.0
12,9702.0,0.03404,0.00605,0.108529,-22.4291,210.3905,295.7303,9747.2626,1.540739,1.272863
13,10592.0,0.03263,0.00605,0.095924,114.3464,323.9148,340.9929,10508.7246,-2.717275,1.959684
14,9112.0,0.0327,0.00648,0.319936,-121.1412,0.0,257.7175,9233.1412,3.961319,0.0
15,10484.0,0.03204,0.00605,0.342804,-36.6731,176.7739,378.8588,10581.2719,3.116591,1.069482
16,9102.0,0.04201,0.01297,0.068059,-11.1096,17.5925,476.1306,9114.307,0.517015,0.228175
17,10528.0,0.04898,0.01453,0.132169,378.8862,102.7642,488.4376,10162.6961,-17.892586,1.493164
18,9338.0,0.04256,0.01118,-0.111827,-121.1138,327.2866,123.1337,9422.5142,3.596926,3.659064
19,9974.0,0.03869,0.0077,0.109389,107.6479,0.0,207.6479,9866.3521,-4.164898,0.0
20,9788.0,0.03434,0.0055,0.071058,14.5922,0.0,100.0,9773.4078,-0.501095,0.0
21,9094.0,0.03359,0.00618,0.012624,-207.2961,0.0,85.4078,9301.2961,6.963076,0.0
22,10412.0,0.03294,0.00687,-0.140337,146.352,0.0,292.7039,10265.648,-4.820833,0.0
23,8820.0,0.03271,0.00552,0.163706,-271.037,0.0,146.352,9091.037,8.865621,0.0
24,10204.0,0.03234,0.00571,0.088783,128.9943,0.0,417.389,10075.0057,-4.171674,0.0
25,9520.0,0.02981,0.00527,-0.027645,164.6492,76.8068,288.3947,9353.2275,-4.971487,0.404772
26,9070.0,0.02855,0.00527,-0.098203,-189.1889,0.0,121.6223,9259.1889,5.401342,0.0
27,9130.0,0.02828,0.00588,0.043456,-141.7812,76.2676,310.8111,9275.0955,4.1033,0.448453
28,9774.0,0.02888,0.00545,0.11299,-26.7825,23.2635,455.9066,9803.4111,0.849392,0.126786
29,8880.0,0.02938,0.00552,0.175543,152.1204,146.8233,485.3177,8753.6534,-3.712062,0.810465
30,10480.0,0.03401,0.01036,0.226438,292.2179,23.5438,358.9711,10193.1133,-9.757018,0.243914
31,9044.0,0.03555,0.00932,0.640991,-204.8031,360.9837,72.0844,9480.1904,15.506568,3.364368
32,10602.0,0.0354,0.00881,0.391332,272.8218,0.0,500.0,10329.1782,-9.657893,0.0
33,9092.0,0.03471,0.00722,0.180806,-124.3624,142.3609,227.1782,9242.1021,5.210043,1.027846
34,10494.0,0.03384,0.00605,-0.043426,115.1641,332.486,377.2802,10364.3974,-4.385751,2.01154
35,9352.0,0.03346,0.00605,0.102946,-166.6856,0.0,247.6776,9518.6856,5.5773,0.0
36,10582.0,0.0334,0.00605,0.325584,221.1626,0.0,414.3632,10360.8374,-7.386831,0.0
37,9260.0,0.03308,0.00605,0.219119,183.4656,0.0,193.2006,9076.5344,-6.069041,0.0
38,10506.0,0.03353,0.00605,-0.020495,-245.1325,0.0,9.7351,10751.1325,8.219292,0.0
39,9260.0,0.035,0.00605,-0.196757,247.187,12.6469,254.8675,9010.3246,-8.738637,0.076514
40,9066.0,0.04218,0.007,-0.004437,-247.4039,0.0,5.1922,9313.4039,10.435497,0.0
41,10726.0,0.05048,0.01586,0.160188,195.9683,55.6019,252.5961,10538.9384,-9.442867,0.881846
42,9092.0,0.04612,0.00875,0.239635,65.5345,-0.0,65.5345,9026.4655,-3.022453,-0.0
43,10444.0,0.04249,0.007,0.033314,-22.4362,-0.0,0.0,10466.4362,0.953313,-0.0
44,9100.0,0.03757,0.0055,0.076061,-238.7819,0.0,22.4362,9338.7819,8.971036,0.0
45,10274.0,0.03398,0.007,0.082717,162.867,157.4064,261.2181,10124.1531,-5.091797,1.101845
46,9044.0,0.03398,0.00605,0.110149,-175.4032,256.8965,111.3712,9247.7,6.921728,1.554224
47,10032.0,0.0355,0.007,0.274326,-91.2058,114.502,315.0713,10154.6167,4.352894,0.801514
48,9080.0,0.03127,0.00527,0.254936,-31.156,-0.0,437.688,9111.156,0.974248,-0.0
49,9172.0,0.03015,0.00492,0.340563,159.0635,0.0,468.844,9012.9365,-4.795765,0.0
50,9902.0,0.02833,0.00352,0.270289,188.4779,141.4734,309.7805,9751.7609,-4.256275,0.497986
51,8824.0,0.02727,0.00303,0.266323,-29.0762,0.0,159.5413,8853.0762,0.792909,0.0
52,10160.0,0.02836,0.00352,0.338626,-311.3824,-0.0,188.6176,10471.3824,8.830806,-0.0
53,9108.0,0.03067,0.0065,-0.066605,-0.0,-0.0,500.0,9108.0,0.0,-0.0
54,10402.0,0.03642,0.01365,-0.120281,427.8427,0.0,500.0,9974.1573,-15.582031,0.0
55,9224.0,0.04131,0.00968,-0.193693,-11.3607,0.0,72.1573,9235.3607,0.469309,0.0
56,9194.0,0.04205,0.00605,-0.285823,31.4715,0.0,83.518,9162.5285,-1.323378,0.0
57,10692.0,0.04131,0.00605,-0.274898,52.0464,0.0,52.0464,10639.9536,-2.150039,0.0
58,9162.0,0.0401,0.0058,0.122713,-0.0,0.0,0.0,9162.0,0.0,0.0
59,10632.0,0.04013,0.0058,-0.098448,-201.3468,0.0,0.0,10833.3468,8.080046,0.0
60,9508.0,0.04048,0.0058,0.139185,-149.3266,0.0,201.3468,9657.3266,6.044741,0.0
61,9258.0,0.04112,0.0058,-0.265842,266.293,0.0,350.6734,8991.707,-10.94997,0.0
62,10974.0,0.03874,0.0058,-0.273056,-185.9743,352.8492,84.3803,11063.6266,3.472133,2.046526
63,9230.0,0.04137,0.0058,-0.168987,87.7334,0.0,174.0069,9142.2666,-3.62953,0.0
64,10278.0,0.04839,0.0105,0.002229,-166.8656,294.4046,86.2735,10445.5218,8.106381,3.091248
65,10050.0,0.05627,0.01601,0.158142,168.8121,0.0,253.7953,9881.1879,-9.499054,0.0
66,9300.0,0.05145,0.012,0.293143,-65.5785,191.7767,84.9833,9421.7964,6.266425,2.30132
67,10824.0,0.0461,0.00832,0.143137,168.033,67.0969,206.7797,10665.5711,-7.303573,0.558246
68,9266.0,0.03812,0.0055,0.005636,-252.2466,273.2703,48.3508,9519.7866,9.674346,1.502987
69,10532.0,0.03456,0.0055,0.192981,65.438,313.4839,302.1374,10527.0586,-0.170776,1.724161
70,9312.0,0.03306,0.00605,0.102649,107.4944,177.3072,297.1959,9222.706,-2.95206,1.072709
71,8930.0,0.03282,0.00675,-0.203664,-292.0981,0.0,207.9019,9222.0981,9.586659,0.0
72,10532.0,0.03272,0.00527,-0.402071,-0.0,-0.0,500.0,10532.0,0.0,-0.0
73,8966.0,0.02969,0.00527,-0.503833,337.9942,-0.0,500.0,8628.0058,-10.035048,-0.0
74,10262.0,0.02751,0.00352,-0.268499,-162.0058,0.0,162.0058,10424.0058,4.45678,0.0
75,9166.0,0.02684,0.003,-0.170041,86.6207,408.3606,324.0116,9009.9413,-4.188616,1.225082
76,10254.0,0.02713,0.00352,0.024376,17.4058,196.5503,167.9529,10241.3853,-0.342236,0.691857
77,9250.0,0.02873,0.00411,-0.075713,-159.3941,297.0896,155.3382,9386.9004,3.933148,1.221038
78,9228.0,0.03661,0.01372,-0.021906,-0.4093,310.2501,292.2386,9221.6129,-0.233833,4.256632
79,11262.0,0.04173,0.00961,0.1212,-141.1502,0.0,285.8515,11403.1502,5.890199,0.0
80,9990.0,0.04274,0.00605,0.022844,313.7302,287.388,427.0017,9682.8349,-13.128237,1.738698
81,11878.0,0.04033,0.00605,0.117623,-186.2698,0.0,119.8366,12064.2698,7.512262,0.0
82,10812.0,0.03763,0.00605,-0.057406,-10.8588,288.1502,306.1064,10806.3172,-0.213842,1.743309
83,12138.0,0.03767,0.00605,-0.122926,223.6145,111.0463,300.4236,11900.735,-8.937772,0.67183
84,10758.0,0.03782,0.00605,-0.176177,26.0695,47.2262,63.1587,10723.6103,-1.300617,0.285719
85,11080.0,0.03816,0.00605,-0.395218,1.3048,43.57,28.769,11061.4755,-0.706893,0.263599
86,11814.0,0.03788,0.00605,-0.189279,10.2445,0.0,10.2445,11803.7555,-0.388063,0.0
87,10404.0,0.04001,0.00605,-0.245228,-0.0,0.0,0.0,10404.0,0.0,0.0
88,11928.0,0.04586,0.00732,-0.181172,-250.0,-0.0,0.0,12178.0,11.465,-0.0
89,9838.0,0.05732,0.016,-0.030115,32.6265,287.1458,250.0,9796.7261,-2.36582,4.594333
90,11224.0,0.04947,0.01093,0.075651,139.2518,0.0,208.7261,11084.7482,-6.888788,0.0
91,9410.0,0.04382,0.00605,0.203123,-151.7098,252.2245,69.4743,9612.9423,8.89293,1.525958
92,10642.0,0.0392,0.00572,0.130675,167.9822,106.9383,272.4165,10487.992,-6.037113,0.611687
93,9368.0,0.03717,0.00542,0.004881,-197.823,349.9312,118.4086,9567.5309,7.416564,1.896627
94,10452.0,0.03495,0.0058,-0.013877,33.1333,416.1034,317.9395,10413.0922,-1.359826,2.4134
95,9198.0,0.03439,0.00492,-0.381622,16.1646,206.032,279.0317,9103.2092,-3.259857,1.013677
96,9264.0,0.0291,0.00502,-0.604581,-51.6899,366.5179,184.2409,9094.1001,-4.944086,1.83992
97,10104.0,0.02612,0.00364,-0.74443,-162.4996,143.4101,14.341,10159.7408,1.455951,0.522013
98,8894.0,0.02501,0.003,-0.777717,-93.0406,250.8625,70.0818,8791.9407,-2.552503,0.752587
99,10408.0,0.025,0.003,-0.495337,-349.9439,-0.0,0.0,10757.9439,8.748598,-0.0
100,8878.0,0.02541,0.003,-0.570708,87.8184,277.9387,349.9439,8631.5597,-6.262048,0.833816
101,10308.0,0.02698,0.00452,-0.511227,-191.8319,146.3362,103.5036,10425.0209,3.157224,0.66144
102,9874.0,0.0317,0.00907,-0.09759,-38.1986,447.9445,220.5245,9868.4837,-0.174868,4.062856
103,9856.0,0.03601,0.01231,-0.151571,-93.2154,299.9138,215.0082,9903.7573,1.719739,3.691939
104,11558.0,0.03712,0.00605,0.048576,-232.1428,8.2987,262.7654,11790.5459,8.632104,0.050207
105,10684.0,0.03831,0.00616,-0.168964,-2.3443,0.0,495.3113,10686.3443,0.089811,0.0
106,10698.0,0.03613,0.00605,-0.171919,-0.8281,1.7698,497.6557,10698.5239,0.018928,0.010707
107,12404.0,0.03634,0.00605,-0.337944,335.3013,18.2044,498.1796,12062.5467,-12.408415,0.110137
108,10748.0,0.036,0.00605,-0.328046,-108.3735,295.269,156.7262,10759.5118,0.414425,1.786378
109,12242.0,0.03621,0.00605,-0.061166,-101.5271,299.1772,168.238,12325.2275,3.013667,1.810022
110,10760.0,0.03613,0.00605,-0.425885,217.7683,0.0,251.4655,10542.2317,-7.867968,0.0
111,10978.0,0.03617,0.00605,-0.223841,-220.0176,73.2898,33.6972,11181.6123,7.364658,0.443403
112,11430.0,0.04289,0.00615,-0.115579,-131.3452,0.0,237.3095,11561.3452,5.633397,0.0
113,9916.0,0.05186,0.016,-0.217397,27.1563,307.4552,368.6548,9822.0039,-4.874639,4.919283
114,11216.0,0.04547,0.00877,-0.481181,103.477,212.4324,274.6586,11010.3047,-9.352964,1.863032
115,9728.0,0.03828,0.00588,-0.345017,-215.5183,0.0,68.9634,9943.5183,8.250041,0.0
116,10378.0,0.03655,0.0055,-0.375251,59.3341,325.3684,284.4817,10196.571,-6.631228,1.789526
117,9212.0,0.03461,0.0055,-0.23025,-262.8577,466.4225,103.0527,9367.4642,5.380615,2.565324
118,10540.0,0.03209,0.00588,-0.16788,43.3536,344.7704,258.5169,10438.7665,-3.248585,2.02725
119,8888.0,0.0311,0.00492,0.226482,-89.7688,275.2932,157.2834,9040.1177,4.73086,1.354443
120,10480.0,0.03309,0.00527,0.117203,84.1884,421.0789,309.401,10445.1633,-1.152745,2.219086
121,8852.0,0.03151,0.004,-0.137267,77.4448,416.8866,274.5644,8717.3303,-4.243442,1.667546
122,10314.0,0.03003,0.003,-0.06351,-176.8815,411.5594,139.8947,10464.7434,4.526826,1.234678
123,8810.0,0.02985,0.003,0.000767,-10.3216,444.6948,290.6381,8820.6626,0.31828,1.334084
124,10214.0,0.02987,0.00302,0.299596,301.3007,-0.0,301.3007,9912.6993,-8.999853,-0.0
125,9036.0,0.03241,0.006,0.408422,-198.6993,-0.0,0.0,9234.6993,6.439843,-0.0
126,10842.0,0.03859,0.011,0.384828,115.5642,0.0,198.6993,10726.4358,-4.459621,0.0
127,10148.0,0.04707,0.0113,0.610548,-384.4358,0.0,83.1351,10532.4358,18.095394,0.0
128,10198.0,0.05067,0.0131,0.196383,-16.2145,0.0,467.5709,10214.2145,0.821591,0.0
129,12398.0,0.04857,0.01029,0.006542,-8.1073,0.0,483.7855,12406.1073,0.39377,0.0
130,10274.0,0.04787,0.00905,-0.19894,401.7207,0.0,491.8927,9872.2793,-19.230368,0.0
131,12672.0,0.04742,0.00905,-0.234963,54.9462,56.7875,90.1721,12603.7108,-3.238274,0.513927
132,10900.0,0.04588,0.00855,-0.479094,-239.0586,0.0,21.8829,11139.0586,10.968007,0.0
133,12584.0,0.04468,0.00645,-0.219587,162.9057,0.0,260.9414,12421.0943,-7.278627,0.0
134,10708.0,0.04511,0.00712,-0.213579,-124.476,300.4809,98.0357,10768.2995,2.720113,2.139424
135,12402.0,0.04728,0.00663,-0.483762,138.8025,0.0,158.3353,12263.1975,-6.562582,0.0
136,10574.0,0.05714,0.01,-0.586249,-230.3162,195.3279,19.5328,10689.8054,6.617121,1.953279
137,11666.0,0.06764,0.01711,-0.370714,46.1583,0.0,135.3382,11619.8417,-3.122148,0.0
138,10066.0,0.05752,0.00989,-0.093647,-46.281,103.5789,89.1799,10102.5811,2.104144,1.024396
139,11006.0,0.0524,0.0074,0.369045,-109.8881,343.6141,125.761,11242.6973,12.402937,2.542745
140,9664.0,0.04814,0.00588,0.917834,151.017,297.0807,362.4583,9785.6538,5.856412,1.746835
141,9472.0,0.04366,0.00605,0.779545,124.3584,158.8798,484.112,9471.4956,-0.022021,0.961223
142,10766.0,0.04032,0.00605,0.366961,-8.1962,0.0,483.6076,10774.1962,0.33047,0.0
143,9208.0,0.03911,0.00446,-0.19383,143.0123,81.9618,491.8038,9049.1011,-6.214536,0.365549
144,10792.0,0.03988,0.00552,-0.086476,52.0822,361.5734,332.9049,10708.6505,-3.323979,1.995885
145,9076.0,0.03815,0.00552,-0.243704,-19.8979,418.6745,249.5554,8993.8653,-3.133439,2.311083
146,10622.0,0.0357,0.00552,-0.274156,-97.4455,436.4082,167.4207,10599.8013,-0.792493,2.408973
147,9098.0,0.03479,0.00552,-0.340279,-114.8545,215.6136,145.222,9139.4857,1.443289,1.190187
148,10426.0,0.03532,0.00552,-0.286183,-49.5002,376.6696,186.7078,10367.7038,-2.059022,2.079216
149,9418.0,0.03655,0.00675,0.019878,-195.3387,369.5011,128.4116,9620.6838,7.408094,2.494132
150,10896.0,0.04227,0.02099,0.049459,-84.4523,0.0,331.0954,10980.4523,3.569799,0.0
151,10048.0,0.04339,0.02118,0.002195,-42.2262,0.0,415.5477,10090.2262,1.832193,0.0
152,11366.0,0.04727,0.01134,-0.226198,-18.0492,31.1647,457.7738,11376.9998,0.519959,0.353408
153,10390.0,0.0459,0.00681,-0.538078,287.1716,312.2638,468.7736,9934.806,-20.893405,2.126517
154,11368.0,0.0472,0.00605,-0.510547,-212.8284,135.7961,13.5796,11511.4982,6.773116,0.821566
155,11254.0,0.04718,0.00605,-0.394742,33.0886,151.9568,157.0778,11160.9276,-4.391156,0.919339
156,10698.0,0.04688,0.00605,0.092888,-65.3023,0.0,64.0054,10763.3023,3.061374,0.0
157,12418.0,0.04604,0.00589,0.098326,11.5006,153.1037,129.3078,12421.5535,0.163605,0.901781
158,10596.0,0.0468,0.00645,0.289947,-143.8825,251.5853,132.8613,10812.829,10.147596,1.622725
159,12354.0,0.04732,0.00605,0.107616,105.5236,365.0858,349.6903,12287.7653,-3.134224,2.208769
160,10334.0,0.05578,0.00929,-0.179976,-108.2722,0.0,283.4556,10442.2722,6.039422,0.0
161,11628.0,0.07433,0.0165,-0.347308,-52.569,85.5449,391.7278,11650.8586,1.69908,1.41149
162,9690.0,0.07002,0.016,-0.42003,340.7357,0.0,414.5864,9349.2643,-23.858312,0.0
163,10912.0,0.06029,0.00798,0.15324,63.3184,16.5558,73.8507,10851.2186,-3.664508,0.132116
164,9612.0,0.05223,0.0055,-0.065775,13.0694,-0.0,13.0694,9598.9306,-0.682615,-0.0
165,10634.0,0.05018,0.0055,0.135137,-100.0,-0.0,0.0,10734.0,5.018,-0.0
166,9266.0,0.04792,0.00605,-0.097292,-192.9313,298.4844,100.0,9429.8912,7.853669,1.805831
167,10306.0,0.049,0.00552,0.131977,40.2095,0.0,263.8912,10265.7905,-1.970265,0.0
168,9126.0,0.04289,0.00552,0.183672,-36.4275,342.4004,223.6818,9225.317,4.259705,1.89005
169,9610.0,0.04126,0.00552,0.103294,88.4435,424.4908,322.9987,9565.4038,-1.84004,2.343189
170,9650.0,0.03956,0.00552,0.068503,1.2887,418.5046,278.4025,9677.38,1.083153,2.310146
171,8926.0,0.03896,0.00552,-0.092676,-35.5198,178.3119,305.7825,8944.9945,0.740026,0.984281
172,10206.0,0.03905,0.00552,0.028629,-80.2636,0.7228,324.777,10286.2843,3.135103,0.00399
173,8938.0,0.04108,0.00675,-0.078625,-94.9386,-0.0,405.0614,9032.9386,3.900079,-0.0
174,10816.0,0.04404,0.01866,-0.328602,250.0,-0.0,500.0,10566.0,-11.01,-0.0
175,9630.0,0.0457,0.01298,-0.527598,142.8078,0.0,250.0,9487.1922,-6.526315,0.0
176,11620.0,0.04411,0.0074,-0.357729,-153.8693,314.6809,107.1922,11661.2989,1.821694,2.328638
177,10238.0,0.04309,0.00645,0.079103,-72.6267,79.0456,148.4911,10316.8794,3.398915,0.509844
178,12110.0,0.04018,0.00605,0.094526,-54.7695,372.9077,227.3705,12200.0188,3.616956,2.256092
179,10702.0,0.03813,0.00605,0.044794,24.006,311.7276,317.3894,10691.9575,-0.38292,1.885952
180,12096.0,0.03689,0.00605,0.096477,-115.087,71.0372,307.3469,12217.9405,4.498385,0.429775
181,10908.0,0.03703,0.00605,0.359678,91.5744,0.0,429.2874,10816.4256,-3.391002,0.0
182,12238.0,0.03899,0.00605,0.318023,196.4897,0.0,337.7129,12041.5103,-7.661135,0.0
183,10720.0,0.04114,0.00605,0.148113,-277.8239,0.0,141.2232,10997.8239,11.429677,0.0
184,11806.0,0.0481,0.01,0.354468,222.1761,0.0,419.0471,11583.8239,-10.686668,0.0
185,10224.0,0.06783,0.017,0.360178,-142.3068,169.3944,196.8711,10427.3189,13.791119,2.879705
186,10082.0,0.06232,0.01547,0.608,116.2544,259.9559,400.1899,10123.7987,2.604895,4.021518
187,10538.0,0.05509,0.005,0.496311,-46.1472,0.0,441.9886,10584.1472,2.54225,0.0
188,9624.0,0.04818,0.0055,0.10285,292.839,118.6415,488.1358,9343.3633,-13.521077,0.652528
189,10194.0,0.04426,0.0055,-0.223857,-41.4435,288.4047,207.4991,10170.882,-1.023204,1.586226
190,9316.0,0.04242,0.00605,0.195311,-62.9258,370.873,184.3811,9451.3615,5.742033,2.243782
191,10060.0,0.04276,0.00552,0.52569,60.7853,246.4619,319.7426,10128.7772,2.940915,1.36047
192,8916.0,0.04244,0.00552,0.354773,167.992,329.6116,388.5198,8864.9454,-2.166758,1.819456
193,10374.0,0.03956,0.00552,0.181779,46.9153,374.047,337.4652,10395.0784,0.833863,2.06474
194,8844.0,0.03708,0.00552,0.457852,126.7746,296.8746,358.5436,8853.1499,0.339279,1.638748
195,10208.0,0.03645,0.00552,0.099839,68.41,259.8365,367.6935,10165.5317,-1.547969,1.434298
196,8950.0,0.03717,0.00552,-0.121961,9.975,316.7845,325.2252,8901.3897,-1.806846,1.748651
197,9248.0,0.04023,0.00675,0.050061,-19.0991,243.502,276.6149,9279.2891,1.258761,1.643639
198,10240.0,0.05221,0.01502,-0.049267,-192.096,-0.0,307.904,10432.096,10.02933,-0.0
199,9208.0,0.05937,0.01383,-0.038077,-0.0,-0.0,500.0,9208.0,0.0,-0.0
200,10820.0,0.05619,0.01269,-0.064515,299.9715,-0.0,500.0,10520.0285,-16.855396,-0.0
201,9502.0,0.05218,0.00701,0.02588,187.8479,16.1229,200.0285,9314.5693,-9.780131,0.113021
202,10974.0,0.04523,0.00605,0.329056,-221.6137,125.9789,12.5979,11237.0678,11.898556,0.762172
203,9482.0,0.04347,0.00605,0.266721,-98.399,146.2289,275.6657,9619.4012,5.97283,0.884685
204,10802.0,0.04128,0.00605,0.341707,263.0503,263.9454,413.0669,10629.1416,-7.135593,1.59687
205,9550.0,0.04057,0.00605,-0.194758,-25.6208,142.8911,240.2085,9547.7917,-0.08959,0.864491
206,10892.0,0.04089,0.00605,-0.156786,238.0002,-0.0,238.0002,10653.9998,-9.73183,-0.0
207,9622.0,0.04427,0.00605,-0.3031,-197.2879,-0.0,0.0,9819.2879,8.733933,-0.0
208,10940.0,0.05748,0.01044,-0.495464,197.2879,-0.0,197.2879,10742.7121,-11.340106,-0.0
209,9638.0,0.07539,0.02097,-0.564792,-100.0,0.0,0.0,9738.0,7.539,0.0
210,10708.0,0.06699,0.01583,-0.497101,-194.6141,307.9978,100.0,10749.5081,2.780627,4.875605
211,9578.0,0.06016,0.00986,-0.171327,141.5081,0.0,141.5081,9436.4919,-8.513127,0.0
212,9334.0,0.05127,0.0055,-0.420302,-103.2153,-0.0,0.0,9437.2153,5.291851,-0.0
213,10842.0,0.04662,0.0055,-0.308487,103.2153,0.0,103.2153,10738.7847,-4.8119,0.0
214,9110.0,0.04328,0.00605,-0.337883,-230.4708,0.0,0.0,9340.4708,9.974778,0.0
215,10664.0,0.04553,0.00552,-0.3255,230.4708,0.0,230.4708,10433.5292,-10.493337,0.0
216,8960.0,0.03898,0.00552,-0.023518,-99.7582,-0.0,0.0,9059.7582,3.888576,-0.0
217,10592.0,0.03685,0.00552,0.100747,-155.3824,492.8733,99.7582,10797.0377,7.555638,2.720661
218,9046.0,0.03578,0.00552,0.369788,29.6191,358.6037,304.7959,9148.9881,3.684913,1.979493
219,10364.0,0.035,0.00552,0.243349,188.6139,350.5899,407.7839,10260.7019,-3.615434,1.935256
220,9228.0,0.03521,0.00552,0.029405,-195.5142,-0.0,304.4858,9423.5142,6.884054,-0.0
221,10356.0,0.03737,0.00675,-0.027195,92.4993,-0.0,500.0,10263.5007,-3.456698,-0.0
222,9330.0,0.05298,0.016,0.032953,85.7448,223.3649,407.5007,9251.6157,-4.1528,3.573839
223,10556.0,0.0647,0.0165,0.063561,-90.7606,93.0152,329.1164,10652.6727,6.254723,1.534751
224,9436.0,0.06112,0.01734,-0.190895,23.0179,121.4873,425.7891,9389.7908,-2.824306,2.106589
225,10732.0,0.05072,0.00683,-0.123263,344.1075,0.0,379.5799,10387.8925,-17.453131,0.0
226,9636.0,0.04308,0.00605,-0.042237,-155.8925,0.0,35.4725,9791.8925,6.71585,0.0
227,10380.0,0.04099,0.00605,0.522166,159.7491,0.0,191.365,10220.2509,-6.548116,0.0
228,10224.0,0.03967,0.00605,0.804531,-316.2619,316.1589,31.6159,10794.6214,22.636549,1.912761
229,9434.0,0.03895,0.00605,0.415684,183.7381,-0.0,500.0,9250.2619,-7.156601,-0.0
230,10986.0,0.03933,0.00605,0.248539,-91.8691,-0.0,316.2619,11077.8691,3.613211,-0.0
231,9424.0,0.04136,0.00605,-0.135553,2.7345,0.0,408.1309,9421.2655,-0.113098,0.0
232,11020.0,0.04788,0.01262,-0.23162,405.3964,0.0,405.3964,10614.6036,-19.410382,0.0
233,9620.0,0.07682,0.02635,-0.104282,-94.6036,-0.0,0.0,9714.6036,7.267445,-0.0
234,11178.0,0.06721,0.02007,0.187076,94.6036,0.0,94.6036,11083.3964,-6.358305,0.0
235,9506.0,0.05012,0.01229,-0.020091,-100.0,-0.0,0.0,9606.0,5.012,-0.0
236,10670.0,0.04376,0.005,-0.158981,-110.4092,311.2417,100.0,10730.9278,2.666198,1.556208
237,9620.0,0.04284,0.00564,-0.591639,-71.1723,220.9577,160.9278,9560.4451,-2.551331,1.246201
238,10582.0,0.04049,0.00605,-0.479516,-213.8114,361.2745,101.3729,10622.5746,1.642865,2.185711
239,9356.0,0.03975,0.00492,-0.593368,-128.9146,476.1315,141.9475,9202.3933,-6.105865,2.342567
240,10494.0,0.04465,0.00527,-0.561503,-359.6229,-0.0,0.0,10853.6229,16.057164,-0.0
241,9228.0,0.04141,0.0059,-0.614036,121.0451,249.9522,359.6229,8953.4752,-11.368074,1.474718
242,9432.0,0.04016,0.00477,-0.481265,-113.7848,222.9674,85.0981,9438.4784,0.260172,1.063555
243,10144.0,0.04083,0.004,-0.747649,-182.622,337.0797,91.5765,10074.6047,-2.833409,1.348319
244,9054.0,0.04141,0.004,-0.883487,-255.8824,221.8121,22.1812,9113.9144,2.481055,0.887248
245,10606.0,0.04457,0.00527,-0.194181,-135.6581,364.6184,82.0956,10670.8562,2.890641,1.921539
246,9378.0,0.05648,0.01647,-0.428868,-176.5241,0.0,146.9518,9554.5241,9.970081,0.0
247,11378.0,0.06747,0.02303,-0.562944,323.4759,0.0,323.4759,11054.5241,-21.824919,0.0
248,10256.0,0.06243,0.01601,-0.018087,-176.5241,-0.0,0.0,10432.5241,11.0204,-0.0
249,12622.0,0.05526,0.00905,0.625549,-62.0555,333.8732,176.5241,12892.9097,14.970471,3.021553
250,11094.0,0.05,0.00579,0.211417,65.1204,0.0,447.4338,11028.8796,-3.25602,0.0
251,12622.0,0.04806,0.005,0.077548,-58.8433,0.0,382.3134,12680.8433,2.828008,0.0
252,11312.0,0.04646,0.00502,0.133303,77.3472,0.0,441.1567,11234.6528,-3.59355,0.0
253,12406.0,0.04646,0.00502,0.480291,58.7735,257.7037,363.8095,12470.9993,3.019868,1.293673
254,11188.0,0.04646,0.00502,0.14311,381.8454,0.0,428.8088,10806.1546,-17.740537,0.0
255,12486.0,0.04962,0.00502,0.053371,-118.1546,196.5142,46.9634,12614.6428,6.383256,0.986501
256,10478.0,0.05923,0.01356,0.211043,175.6062,-0.0,175.6062,10302.3938,-10.401158,-0.0
257,11922.0,0.07464,0.02076,0.253931,-189.8904,0.0,0.0,12111.8904,14.173421,0.0
258,9688.0,0.06451,0.0173,0.107694,-150.2716,242.0223,189.8904,9864.3359,11.375427,4.186986
259,11064.0,0.0587,0.00613,0.051329,346.0732,0.0,366.2263,10717.9268,-20.314494,0.0
260,10518.0,0.05284,0.0055,-0.26398,20.1531,-0.0,20.1531,10497.8469,-1.064891,-0.0
261,9236.0,0.04997,0.0055,-0.250383,-457.5337,-0.0,0.0,9693.5337,22.862958,-0.0
262,10614.0,0.04646,0.0055,-0.246393,42.4663,120.4657,457.5337,10541.8518,-3.352006,0.662562
263,9368.0,0.05097,0.00675,-0.133717,137.7443,332.7929,385.3855,9185.7556,-9.288998,2.246352
264,10616.0,0.04385,0.00675,-0.22246,-41.521,341.0287,203.1411,10581.6558,-1.505994,2.301944
265,9138.0,0.0425,0.00675,-0.063106,168.7968,-0.0,168.7968,8969.2032,-7.173865,-0.0
266,10392.0,0.03821,0.00675,0.175468,-99.9338,-0.0,0.0,10491.9338,3.818471,-0.0
267,9012.0,0.03804,0.00552,0.165795,-187.1668,551.913,99.9338,9290.6713,10.600656,3.04656
268,10544.0,0.03822,0.00675,0.201733,121.8184,350.643,378.6051,10492.9178,-1.952362,2.36684
269,9054.0,0.04238,0.00675,0.162994,65.1666,234.798,327.5229,9027.1041,-1.13985,1.584887
270,10986.0,0.05112,0.02626,0.122264,28.1662,398.8261,300.6269,11006.5958,1.052858,10.473173
271,10036.0,0.05934,0.01719,-0.067045,-148.0489,45.6265,321.2228,10180.9898,8.603697,0.78432
272,11644.0,0.05524,0.01101,0.019345,-16.8937,0.0,466.2126,11660.8937,0.933208,0.0
273,11990.0,0.05157,0.00605,-0.006894,241.5532,0.0,483.1063,11748.4468,-12.456896,0.0
274,11180.0,0.04749,0.00605,0.455326,155.7469,0.0,241.5532,11024.2531,-7.396421,0.0
275,13478.0,0.04654,0.00605,0.687633,-207.0969,0.0,85.8062,13685.0969,9.638289,0.0
276,11766.0,0.04515,0.00605,0.600611,-7.0886,339.0764,292.9031,11976.7416,9.514983,2.051412
277,9606.0,0.04429,0.00597,0.282586,355.5519,-0.0,500.0,9250.4481,-15.747394,-0.0
278,13214.0,0.04414,0.00605,-0.032791,-98.5964,382.4572,144.4481,13300.0551,3.798471,2.313866
279,12130.0,0.04549,0.00588,0.237458,85.0135,196.0431,230.5032,12091.5384,-1.749616,1.152733
280,13176.0,0.0508,0.00943,0.235898,-153.9792,0.0,192.0416,13329.9792,7.822143,0.0
281,11024.0,0.06331,0.0165,0.282555,113.6818,305.6999,346.0208,10996.6953,-1.72866,5.044048
282,10632.0,0.05688,0.01636,-0.171892,46.7283,320.8428,318.7161,10530.1212,-5.794866,5.248987
283,10108.0,0.04897,0.00923,0.075117,-6.3593,370.0428,216.8373,10142.1559,1.672612,3.415495
284,12044.0,0.04571,0.0055,0.15631,-18.5947,193.6667,250.9932,12092.8668,2.2337,1.065167
285,9972.0,0.04348,0.00725,-0.127062,31.3437,339.2703,299.86,9897.548,-3.237174,2.459709
286,9874.0,0.03934,0.007,-0.199032,19.9922,406.7157,225.4079,9773.0584,-3.971043,2.84701
287,11538.0,0.0405,0.00675,-0.091256,-144.246,332.7801,124.4663,11651.8778,4.612049,2.246265
288,9916.0,0.03624,0.00675,-0.056899,56.6824,357.2941,238.3441,9838.9877,-2.790925,2.411735
289,9616.0,0.03138,0.00675,-0.106952,-131.4564,340.7507,161.3318,9711.0123,2.981487,2.300068
290,9746.0,0.03062,0.00675,-0.102982,57.3605,369.564,256.3441,9650.5812,-2.921724,2.494557
291,11302.0,0.02993,0.00552,-0.132671,-31.4654,320.7745,160.9253,11290.9079,-0.331987,1.770675
292,9844.0,0.03028,0.00675,-0.06594,-58.4373,324.5563,149.8332,9881.0362,1.121456,2.190755
293,9592.0,0.03131,0.00675,0.274273,-148.8559,287.2332,186.8694,9819.6363,7.127293,1.938824
294,9950.0,0.03736,0.01581,-0.35896,102.1732,266.997,414.5057,9751.9857,-7.397815,4.221223
295,12620.0,0.04203,0.00951,-0.321327,-136.7015,141.7734,216.4914,12711.1459,3.830862,1.348266
296,10212.0,0.04223,0.01,-0.202162,-11.1734,0.0,307.6373,10223.1734,0.471851,0.0
297,12522.0,0.0398,0.00605,-0.086503,181.9141,197.7878,318.8106,12322.9767,-7.921128,1.196616
298,11548.0,0.04008,0.00605,-0.146699,-190.1063,0.0,119.7873,11738.1063,7.619462,0.0
299,11268.0,0.03971,0.00605,-0.496503,300.1431,0.0,309.8937,10967.8569,-11.918682,0.0
300,11320.0,0.03837,0.00605,-0.300218,6.0764,0.0,9.7506,11313.9236,-0.233152,0.0
301,13614.0,0.03739,0.00605,0.154854,-195.5953,0.0,3.6741,13809.5953,7.313307,0.0
302,11306.0,0.03756,0.00605,-0.221309,184.5262,19.3816,199.2694,11117.1845,-7.09191,0.117259
303,11208.0,0.03829,0.00605,0.02406,10.4539,0.0,10.4539,11197.5461,-0.40028,0.0
304,13390.0,0.0432,0.01,-0.05423,-309.1604,-0.0,0.0,13699.1604,13.355728,-0.0
305,10530.0,0.05755,0.0193,-0.054164,-16.7317,482.9631,309.1604,10520.5724,-0.542558,9.321187
306,10166.0,0.0472,0.01684,-0.272261,227.6199,70.4498,299.7328,9919.1994,-11.648989,1.186374
307,11368.0,0.04196,0.01,-0.277776,-119.4387,286.9962,52.9322,11407.718,1.666568,2.869962
308,9708.0,0.04005,0.00605,0.077678,-407.3498,0.0,92.6502,10115.3498,16.31436,0.0
309,9530.0,0.03846,0.00605,0.186443,92.6502,-0.0,500.0,9437.3498,-3.563326,-0.0
310,10542.0,0.03634,0.00605,0.52094,407.3498,-0.0,407.3498,10134.6502,-14.803092,-0.0
311,9720.0,0.03615,0.00544,0.649736,-92.6502,0.0,0.0,9812.6502,3.349304,0.0
312,10634.0,0.0407,0.00552,0.583901,-178.1554,252.6842,92.6502,10959.698,13.255907,1.394817
313,9138.0,0.03721,0.00552,0.821591,151.6736,290.6177,418.3482,9225.0954,3.24082,1.60421
314,9040.0,0.03556,0.004,0.712772,234.4691,-0.0,500.0,8805.5309,-8.337722,-0.0
315,10624.0,0.03512,0.00308,0.716736,-15.2433,433.4956,265.5309,10949.9454,11.447201,1.335166
316,9230.0,0.03572,0.00528,0.472307,141.6843,-0.0,500.0,9088.3157,-5.060964,-0.0
317,8946.0,0.03826,0.00675,0.36887,105.9939,377.3259,358.3157,8979.1903,1.269861,2.54695
318,11404.0,0.04257,0.01377,0.123219,71.9678,417.7213,391.506,11383.5036,-0.872532,5.752022
319,9854.0,0.04695,0.01442,0.310123,41.1689,0.0,371.0096,9812.8311,-1.93288,0.0
320,12036.0,0.04923,0.00631,-0.026635,-85.0797,-0.0,329.8407,12121.0797,4.188472,-0.0
321,10976.0,0.05142,0.00701,0.152141,49.7551,127.0282,414.9203,10945.5711,-1.564653,0.890468
322,11034.0,0.05225,0.00527,0.072163,160.9676,312.4327,384.4915,10895.5784,-7.232531,1.646521
323,11244.0,0.05024,0.00605,0.311796,-126.9651,0.0,246.0698,11370.9651,6.378726,0.0
324,13658.0,0.04923,0.00596,0.399038,121.0857,376.2898,373.0349,13687.0684,1.431039,2.242687
325,12286.0,0.04918,0.00592,0.699821,320.359,0.0,402.1033,11965.641,-15.755256,0.0
326,12234.0,0.04905,0.0058,0.685636,-179.641,0.0,81.7443,12413.641,8.811391,0.0
327,12202.0,0.0545,0.00639,0.168378,-119.3073,0.0,261.3853,12321.3073,6.50225,0.0
328,11832.0,0.06644,0.00737,0.111554,294.5472,0.0,380.6927,11537.4528,-19.569715,0.0
329,11352.0,0.07988,0.02825,-0.174176,-205.4528,0.0,86.1455,11557.4528,16.411571,0.0
330,11634.0,0.07422,0.02415,-0.244654,68.8009,301.6266,291.5983,11491.4051,-10.583397,7.284282
331,11870.0,0.0671,0.01629,0.14898,14.3441,133.1551,149.0034,11875.4934,0.368606,2.169097
332,10494.0,0.06208,0.00605,0.251992,-263.1214,129.695,154.4967,10789.8036,18.363484,0.784655
333,10044.0,0.05865,0.007,0.03523,151.7382,410.5068,450.3003,9906.7238,-8.051249,2.873547
334,9724.0,0.05608,0.00605,-0.196596,35.1073,381.1443,313.0241,9613.9614,-6.170963,2.305923
335,9528.0,0.05121,0.00527,-0.140235,-26.4855,342.3374,202.9855,9506.4779,-1.102146,1.804118
336,11094.0,0.05703,0.00705,-0.372819,-60.3085,353.9626,181.4634,11022.3444,-4.086519,2.495437
337,9646.0,0.05353,0.00552,-0.427265,-178.3169,416.7109,109.8078,9646.2708,0.014496,2.300244
338,9308.0,0.05341,0.00527,-0.251807,-157.2693,281.4125,110.0786,9394.4077,4.615035,1.483044
339,9388.0,0.05131,0.00527,0.065314,-49.5705,361.4106,196.4863,9461.1755,3.754637,1.904634
340,9322.0,0.0517,0.00552,0.182913,-144.2051,143.4701,269.6619,9492.4476,8.812141,0.791955
341,9470.0,0.05284,0.00675,-0.366899,-59.8905,-0.0,440.1095,9529.8905,3.164614,-0.0
342,11488.0,0.05809,0.00911,-0.208214,128.9514,-0.0,500.0,11359.0486,-7.490785,-0.0
343,10626.0,0.05977,0.01102,-0.140313,334.1457,49.3968,371.0486,10284.9233,-20.386156,0.544353
344,10982.0,0.06205,0.01767,-0.014179,29.9719,-0.0,29.9719,10952.0281,-1.859757,-0.0
345,11416.0,0.06004,0.01065,0.344932,-250.0,0.0,0.0,11666.0,15.01,0.0
346,11478.0,0.05148,0.00666,-0.195213,148.7199,133.8657,250.0,11303.1477,-9.001397,0.891546
347,11522.0,0.04799,0.00502,-0.276453,-151.7059,285.9515,75.1477,11594.6538,3.486657,1.435477
348,13782.0,0.04652,0.00605,-0.07734,-13.9156,301.9906,147.8015,13772.5596,-0.439168,1.827043
349,11954.0,0.04269,0.0058,-0.405956,58.4215,138.9074,138.3611,11839.1882,-4.901318,0.805663
350,11826.0,0.044,0.00605,0.020242,8.3482,16.0694,23.5493,11817.9771,-0.353007,0.09722
351,11420.0,0.04786,0.00605,0.09622,15.5264,-0.0,15.5264,11404.4736,-0.743092,-0.0
352,11356.0,0.0679,0.02253,0.258413,-380.4862,-0.0,0.0,11736.4862,25.83501,-0.0
353,10892.0,0.08441,0.02021,0.068202,119.5138,295.9713,380.4862,10792.6721,-8.384268,5.981579
354,12344.0,0.08036,0.02068,0.23018,281.1583,-0.0,281.1583,12062.8417,-22.593878,-0.0
355,10570.0,0.0714,0.01604,0.407699,-154.0621,-0.0,0.0,10724.0621,11.000034,-0.0
356,10122.0,0.06316,0.0072,0.357007,-120.6753,429.577,154.0621,10396.0374,17.308202,3.092955
357,10060.0,0.062,0.00605,0.319324,168.7801,483.7595,428.0995,10045.6957,-0.886865,2.926745
358,9858.0,0.05773,0.00631,0.298968,132.7191,332.5468,413.7952,9824.7018,-1.922304,2.098371
359,11326.0,0.05713,0.007,0.03429,112.743,366.2576,380.4971,11225.816,-5.72351,2.563803
360,9998.0,0.05542,0.00552,-0.006739,56.6437,324.5179,280.3131,9939.1695,-3.260386,1.791339
361,9666.0,0.05342,0.00552,-0.038609,1.4051,377.8813,221.4826,9650.0053,-0.854437,2.085905
362,9586.0,0.05179,0.00552,0.05539,-82.3862,419.981,205.4879,9691.649,5.471559,2.318295
363,9472.0,0.05152,0.00552,0.261504,64.0589,310.1883,311.1369,9489.0565,0.878753,1.712239
364,9442.0,0.0535,0.00552,-0.03675,63.6189,260.7846,328.1934,9368.7973,-3.916346,1.439531
365,11246.0,0.05662,0.00552,-0.055065,-46.3504,360.2272,254.9907,11272.5147,1.50126,1.988454
366,9988.0,0.06467,0.00919,0.284622,-31.1226,249.7422,281.5053,10090.2046,6.609575,2.295131
367,10038.0,0.07745,0.01429,0.049877,139.9633,315.9987,383.71,9913.7978,-9.619462,4.515622
368,10178.0,0.07334,0.01503,-0.143487,259.5078,-0.0,259.5078,9918.4922,-19.032299,-0.0
369,10146.0,0.06412,0.00905,-0.063108,-0.0,0.0,0.0,10146.0,0.0,0.0
370,12160.0,0.0548,0.00626,0.138434,-54.2508,-0.0,0.0,12214.2508,2.972942,-0.0
371,10706.0,0.04884,0.00605,0.106339,-222.8746,0.0,54.2508,10928.8746,10.885196,0.0
372,10554.0,0.04778,0.00605,0.372126,99.1224,0.0,277.1254,10454.8776,-4.736067,0.0
373,10506.0,0.04686,0.00672,0.467589,-132.8894,400.4677,178.003,10826.1436,15.001929,2.691143
374,10624.0,0.04714,0.00605,0.535892,367.1106,0.0,498.1466,10256.8894,-17.305596,0.0
375,11058.0,0.04881,0.00605,0.523825,69.3812,0.0,131.036,10988.6188,-3.386497,0.0
376,11698.0,0.06229,0.01356,0.904952,61.6548,-0.0,61.6548,11636.3452,-3.840475,-0.0
377,10846.0,0.0857,0.02356,0.633579,-374.5909,-0.0,0.0,11220.5909,32.102443,-0.0
378,10458.0,0.07758,0.015,0.034409,-64.5022,89.472,374.5909,10525.5809,5.242924,1.342081
379,10222.0,0.06839,0.00798,0.378743,155.8669,360.2195,442.1718,10202.5636,-1.329252,2.874551
380,10232.0,0.06146,0.0061,0.183363,221.3149,303.7311,422.7354,10066.3781,-10.179119,1.85276
381,12010.0,0.05894,0.00605,0.161256,-34.2211,282.8074,257.1136,12089.8256,4.704919,1.710985
382,10006.0,0.05487,0.00605,0.409043,96.0714,232.4583,336.9392,10005.0141,-0.054096,1.406372
383,10098.0,0.05439,0.00552,-0.045715,66.6738,296.2781,335.9533,10017.7819,-4.363062,1.635455
384,9820.0,0.05164,0.00552,-0.309648,-31.4057,395.7804,255.7352,9728.853,-4.706833,2.184708
385,9538.0,0.0489,0.00552,-0.584517,-150.7974,397.3649,164.5881,9456.5307,-3.983848,2.193454
386,9528.0,0.04553,0.00552,-0.613098,-139.9801,258.4631,83.1188,9509.5169,-0.841536,1.426716
387,11174.0,0.04553,0.00552,-0.363104,-180.8027,276.0466,64.6357,11254.5692,3.668316,1.523777
388,9750.0,0.04736,0.00552,-0.157006,-91.5355,303.4599,145.2049,9793.8904,2.078651,1.675099
389,9600.0,0.05,0.00552,-0.056974,-145.4909,176.7886,189.0954,9735.4185,6.770923,0.975873
390,9830.0,0.06099,0.00975,-0.353539,109.8185,459.1837,324.5138,9557.842,-16.598919,4.477041
391,9924.0,0.07691,0.01088,-0.773377,-192.6878,456.3293,52.3558,9763.7731,-12.32305,4.964863
392,11876.0,0.06735,0.01,-0.568075,-122.8947,-0.0,0.0,11998.8947,8.276956,-0.0
393,10588.0,0.05578,0.00605,-0.529847,-97.386,215.2743,122.8947,10571.3236,-0.930211,1.302409
394,10256.0,0.05214,0.00605,-0.29632,-156.785,61.4374,106.2182,10394.5799,7.225556,0.371696
395,10276.0,0.04906,0.00605,-0.067811,-18.4955,78.644,244.7981,10289.1626,0.645759,0.475796
396,10506.0,0.04858,0.00605,-0.020445,-110.3158,148.3365,257.9608,10613.2831,5.211811,0.897436
397,12486.0,0.04745,0.00605,0.151896,115.2699,348.3395,365.2438,12423.6413,-2.958918,2.107454
398,11062.0,0.04759,0.00605,0.164348,-197.1148,-0.0,302.8852,11259.1148,9.380695,-0.0
399,10666.0,0.05235,0.00605,0.239875,302.8852,-0.0,500.0,10363.1148,-15.856039,-0.0
400,10868.0,0.05826,0.00605,0.024878,-151.4426,0.0,197.1148,11019.4426,8.823045,0.0
401,10786.0,0.0689,0.01354,-0.020856,-75.7213,0.0,348.5574,10861.7213,5.217197,0.0
402,10608.0,0.06314,0.0083,0.027649,424.2787,-0.0,424.2787,10183.7213,-26.788958,-0.0
403,12454.0,0.05795,0.00605,0.201253,-75.7213,-0.0,0.0,12529.7213,4.388049,-0.0
404,10546.0,0.05332,0.007,0.064317,-162.3358,357.5781,75.7213,10731.3341,9.882013,2.503046
405,10968.0,0.05198,0.007,0.162894,64.7023,402.5112,261.0554,10968.8645,0.044937,2.817578
406,10376.0,0.05007,0.00605,0.063686,230.4949,0.0,261.9199,10145.5051,-11.540882,0.0
407,10216.0,0.04693,0.00527,0.021905,-174.1837,314.2494,31.4249,10397.0674,8.497493,1.656094
408,10092.0,0.0455,0.00552,0.198923,-30.3801,331.6254,212.4923,10188.348,4.383836,1.830572
409,11694.0,0.04359,0.00552,-0.289281,29.953,304.53,308.8404,11575.9523,-5.145697,1.681006
410,10186.0,0.04242,0.00552,-0.502185,-20.1875,280.0113,190.7927,10065.5701,-5.108635,1.545662
411,10206.0,0.04194,0.00435,-0.702719,-168.5463,521.0737,70.3629,10008.3778,-8.288274,2.266671
412,9806.0,0.04242,0.00552,-1.0,-276.1338,-0.0,0.0,10082.1338,11.713596,-0.0
413,9896.0,0.0441,0.00552,-0.929544,-83.2614,154.1049,276.1338,9836.0141,-2.64538,0.850659
414,10142.0,0.05159,0.0159,-0.532283,-33.9289,242.0773,216.1479,10047.0753,-4.897166,3.849029
415,12350.0,0.06016,0.00959,-0.461887,-72.5743,441.2441,121.2232,12218.7696,-7.894823,4.231531
416,11002.0,0.05394,0.00586,-0.302901,-362.0677,-0.0,0.0,11364.0677,19.529933,-0.0
417,10920.0,0.05018,0.00605,0.012452,137.9323,5.9222,362.0677,10782.1415,-6.917742,0.03583
418,10866.0,0.04602,0.00662,0.30143,-154.3154,83.4224,224.2092,11045.4614,8.258812,0.552256
419,10956.0,0.04406,0.005,0.210862,176.2628,357.1193,403.6705,10855.0401,-4.448292,1.785596
420,11158.0,0.0424,0.0058,0.455935,108.3192,359.1323,302.7107,11213.4219,2.34989,2.082967
421,13050.0,0.0404,0.0055,0.362219,143.2349,0.0,358.1326,12906.7651,-5.786689,0.0
422,11628.0,0.04161,0.0058,0.087437,134.5522,0.0,214.8978,11493.4478,-5.598718,0.0
423,11122.0,0.04417,0.00595,-0.06519,-176.143,314.2596,80.3455,11277.6564,6.875341,1.869845
424,11330.0,0.05147,0.00605,-0.374611,236.0019,0.0,236.0019,11093.9981,-12.147017,0.0
425,11302.0,0.06032,0.01828,-0.476348,-0.0,0.0,0.0,11302.0,0.0,0.0
426,11850.0,0.0572,0.00895,-0.436024,-91.6717,0.0,0.0,11941.6717,5.243621,0.0
427,12324.0,0.04918,0.00605,-0.15023,-149.4534,427.9968,91.6717,12409.1557,4.187956,2.589381
428,11166.0,0.04618,0.0058,0.265897,-74.7101,366.5848,176.8274,11338.184,7.951458,2.126192
429,10876.0,0.04367,0.00578,-0.104657,107.7295,258.9499,349.0114,10741.1695,-5.888046,1.496731
430,10570.0,0.04142,0.0058,0.007929,65.1102,148.4546,214.181,10506.0669,-2.64811,0.861037
431,10356.0,0.04126,0.00527,-0.222973,-140.5334,315.3056,150.2478,10426.2288,2.897642,1.66166
432,11974.0,0.03688,0.00552,-0.062796,-77.79,301.2785,220.4767,12032.8709,2.171158,1.663057
433,10350.0,0.03471,0.00552,-0.075936,51.8036,412.563,279.3476,10266.868,-2.885513,2.277348
434,9858.0,0.03393,0.00552,-0.459751,-66.8431,321.2949,196.2155,9777.1273,-2.744009,1.773548
435,9858.0,0.0338,0.00646,-0.140588,-126.2114,280.2493,115.3429,9944.8116,2.934234,1.81041
436,10014.0,0.0341,0.00552,-0.238541,-13.707,379.022,202.1545,9937.2946,-2.615655,2.092202
437,11722.0,0.03535,0.00675,-0.296364,-374.5509,-0.0,125.4491,12096.5509,13.240375,-0.0
438,10786.0,0.0418,0.01469,-0.457619,125.4491,-0.0,500.0,10660.5509,-5.243772,-0.0
439,10934.0,0.05295,0.01064,-0.487156,73.5407,352.7035,374.5509,10688.6376,-12.991941,3.752765
440,11578.0,0.05166,0.00655,-0.271231,-154.7354,328.7764,129.1885,11643.5609,3.386878,2.153485
441,12332.0,0.05008,0.00655,-0.245057,-71.7832,359.6583,194.7494,12315.6464,-0.81899,2.355762
442,12498.0,0.04562,0.00605,-0.111487,-98.7032,426.3879,178.3958,12549.1664,2.334212,2.579647
443,13012.0,0.04633,0.0063,-0.003993,-135.2189,0.0,229.5622,13147.2189,6.264692,0.0
444,14958.0,0.04626,0.00655,0.287551,-70.015,62.0448,364.7811,15045.856,4.064219,0.406394
445,13192.0,0.04479,0.00605,0.14025,-47.3629,-0.0,452.6371,13239.3629,2.121384,-0.0
446,12806.0,0.04394,0.00605,-0.219721,388.2799,-0.0,500.0,12417.7201,-17.061018,-0.0
447,12780.0,0.04419,0.00605,0.069998,-111.7201,229.123,111.7201,12907.7583,5.645641,1.386194
448,12402.0,0.05316,0.00818,-0.020429,-260.5215,-0.0,239.4785,12662.5215,13.849325,-0.0
449,14424.0,0.06536,0.01222,0.229889,239.4785,-0.0,500.0,14184.5215,-15.652312,-0.0
450,12430.0,0.05505,0.00922,0.25676,27.7084,323.371,260.5215,12485.3202,3.045377,2.981481
451,11650.0,0.04663,0.0087,0.163719,105.2378,416.3269,315.8418,11612.923,-1.728902,3.622044
452,11364.0,0.04123,0.00605,0.19952,32.1266,297.8243,278.7647,11391.2954,1.125389,1.801837
453,11170.0,0.03939,0.00605,0.578863,68.2145,469.1075,306.0601,11373.3345,8.009344,2.838101
454,12698.0,0.03773,0.00605,0.891083,232.3315,-0.0,500.0,12465.6685,-8.765869,-0.0
455,10924.0,0.03882,0.00552,0.683576,267.6685,-0.0,267.6685,10656.3315,-10.39089,-0.0
456,10358.0,0.02994,0.00552,0.547924,-232.3315,-0.0,0.0,10590.3315,6.956006,-0.0
457,10264.0,0.02819,0.00552,0.647716,-37.0784,354.2029,232.3315,10530.5012,7.512669,1.9552
458,10084.0,0.02747,0.00531,0.299741,205.2738,11.6724,498.8328,9882.2249,-5.542762,0.061981
459,10042.0,0.02664,0.00517,0.298082,81.2788,396.5992,297.0577,10078.9401,0.984084,2.050418
460,11612.0,0.02724,0.00552,0.217871,74.4246,392.5299,333.9978,11623.0964,0.302266,2.166765
461,10454.0,0.02918,0.00552,0.232463,57.0888,381.3929,345.0942,10485.5711,0.921243,2.105289
462,10462.0,0.03419,0.00917,-0.008994,150.8358,399.2891,376.6652,10307.5732,-5.279853,3.661481
463,10688.0,0.04117,0.00886,-0.35645,-277.7616,-0.0,222.2384,10965.7616,11.435445,-0.0
464,11372.0,0.04249,0.0066,-0.723394,-0.0,0.0,500.0,11372.0,0.0,0.0
465,14142.0,0.04339,0.0063,-0.78837,-0.0,-0.0,500.0,14142.0,0.0,-0.0
466,12690.0,0.04203,0.00605,-0.692186,-0.0,-0.0,500.0,12690.0,0.0,-0.0
467,12556.0,0.04213,0.00605,-0.583642,-0.0,-0.0,500.0,12556.0,0.0,-0.0
468,12490.0,0.04053,0.0063,-0.01154,430.4257,0.0,500.0,12059.5743,-17.445155,0.0
469,12688.0,0.04022,0.0063,0.234663,-69.5743,219.0215,69.5743,12808.9705,4.865435,1.379835
470,14730.0,0.04085,0.00623,-0.035663,190.5448,-0.0,190.5448,14539.4552,-7.783755,-0.0
471,12828.0,0.04409,0.00605,0.049749,-60.4925,0.0,0.0,12888.4925,2.667115,0.0
472,12214.0,0.04915,0.00984,-0.052246,60.4925,0.0,60.4925,12153.5075,-2.973207,0.0
473,12350.0,0.06135,0.01912,-0.101744,-439.5075,-0.0,0.0,12789.5075,26.963784,-0.0
474,12072.0,0.05234,0.01219,-0.035537,60.4925,0.0,439.5075,12011.5075,-3.166178,0.0
475,13742.0,0.04423,0.00799,0.109565,191.5602,290.9298,379.015,13582.3156,-7.062843,2.324529
476,11526.0,0.04016,0.00605,0.007537,48.1475,150.1321,219.3305,11478.984,-1.888161,0.908299
477,11600.0,0.03738,0.00701,0.2397,-6.1532,259.4902,172.3146,11668.353,2.555036,1.819027
478,10840.0,0.03627,0.00605,-0.071451,31.6479,343.8197,240.6676,10783.7857,-2.038893,2.080109
479,10426.0,0.03548,0.00552,-0.052194,2.0637,495.5801,184.4533,10398.0701,-0.990954,2.735602
480,12136.0,0.03543,0.00552,0.532343,-117.7772,297.2433,156.5234,12412.0125,9.779124,1.640783
481,10536.0,0.03315,0.00487,0.448335,174.1534,286.7434,432.5359,10490.4036,-1.511521,1.39644
482,10146.0,0.03246,0.00552,0.651558,140.5947,345.3732,386.9395,10230.436,2.740793,1.90646
483,10086.0,0.03229,0.00552,0.508803,138.0456,286.2448,471.3755,10093.5966,0.245295,1.580071
484,10100.0,0.03245,0.00552,0.509373,147.3392,210.2784,478.9722,10059.771,-1.305432,1.160737
485,10266.0,0.03265,0.00552,0.369538,127.1712,279.5293,438.7431,10242.1254,-0.779505,1.543002
486,12214.0,0.03466,0.00577,0.239664,167.0557,357.59,414.8685,12132.6456,-2.819745,2.063295
487,11178.0,0.03607,0.0092,0.008262,-70.7214,0.0,333.5141,11248.7214,2.55092,0.0
488,11826.0,0.0378,0.00806,0.100862,146.9539,0.0,404.2355,11679.0461,-5.554857,0.0
489,12134.0,0.03911,0.00872,-0.111691,26.7859,353.8852,257.2816,12067.6882,-2.593456,3.085879
490,12416.0,0.0379,0.00774,0.06266,-50.8137,295.28,190.9698,12485.316,2.627077,2.285467
491,12512.0,0.03765,0.0073,0.285758,-27.5314,300.0723,260.2858,12625.2796,4.264977,2.190528
492,14758.0,0.03535,0.00542,0.294956,373.5654,-0.0,373.5654,14384.4346,-13.205536,-0.0
493,13058.0,0.03426,0.005,0.158242,-81.9856,0.0,0.0,13139.9856,2.808826,0.0
494,12710.0,0.03393,0.005,0.218554,-230.2902,53.8501,81.9856,12952.0593,8.213072,0.26925
495,12590.0,0.03535,0.00536,0.096007,269.7098,0.0,324.0449,12320.2902,-9.534243,0.0
496,12544.0,0.04076,0.009,0.277826,-85.3914,190.8048,54.335,12682.4019,5.64126,1.717243
497,12344.0,0.05513,0.0186,-0.19454,-91.0264,445.8044,192.7369,12348.2996,0.237039,8.291962
498,13970.0,0.05234,0.01093,-0.219739,-50.527,307.6093,197.0365,13952.9334,-0.893264,3.36217
499,12010.0,0.04187,0.0057,-0.602783,-44.8714,266.857,179.97,11894.0146,-4.856307,1.521085
500,11362.0,0.03982,0.0055,-0.781,-146.1479,411.4864,63.9846,11186.7769,-6.977385,2.263175
501,11164.0,0.03807,0.0055,-0.285701,-97.3651,-0.0,0.0,11261.3651,3.70669,-0.0
502,10796.0,0.03552,0.007,-0.017335,-127.8594,174.7755,97.3651,10920.8297,4.433952,1.223428
503,12342.0,0.03735,0.00552,-0.171287,5.3981,352.5434,222.1948,12276.2159,-2.457036,1.94604
504,10660.0,0.03507,0.00552,-0.459016,-89.8687,321.8283,156.4107,10602.1444,-2.028997,1.776492
505,10188.0,0.03346,0.00552,-0.996458,-119.8361,273.7282,98.5551,10035.0774,-5.11679,1.510979
506,10042.0,0.03245,0.006,-0.866913,-232.2828,-0.0,0.0,10274.2828,7.537576,-0.0
507,9868.0,0.032,0.006,-0.117693,20.5156,251.3436,232.2828,9817.903,-1.603105,1.508062
508,10448.0,0.0322,0.006,0.007405,-88.1123,390.5246,182.1857,10539.004,2.93033,2.343147
509,11284.0,0.03308,0.00552,-0.117552,76.8591,391.4892,273.1898,11161.1204,-4.064856,2.16102
510,10540.0,0.03256,0.00552,0.014153,-90.5633,251.5287,150.3102,10634.1233,3.064654,1.388438
511,11128.0,0.03372,0.00827,-0.332796,22.9491,321.6209,244.4335,10998.0168,-4.383034,2.659805
512,11404.0,0.03392,0.00605,-0.315008,-164.5308,326.3549,114.4503,11465.7264,2.093761,1.974447
513,11784.0,0.03395,0.00556,-0.214371,-178.4129,174.6791,176.1767,11924.9668,4.785823,0.971216
514,12010.0,0.03373,0.005,-0.17972,65.4918,287.6799,317.1436,11892.8062,-3.952946,1.438399
515,14482.0,0.03392,0.005,0.039187,99.9498,0.0,199.9498,14382.0502,-3.390296,0.0
516,12055.0,0.03401,0.005,0.105212,-0.0,0.0,100.0,12055.0,0.0,0.0
517,12435.0,0.03421,0.00657,0.225941,100.0,-0.0,100.0,12335.0,-3.421,-0.0
518,12280.0,0.03534,0.00596,0.018014,-0.0,-0.0,0.0,12280.0,0.0,-0.0
519,12426.0,0.03546,0.00605,0.21103,-0.0,-0.0,0.0,12426.0,0.0,-0.0
520,12648.0,0.0414,0.00756,0.516638,-375.1052,0.0,0.0,13023.1052,15.529356,0.0
521,13116.0,0.05376,0.016,0.174046,124.8948,219.3622,375.1052,13029.2843,-4.661836,3.509795
522,11738.0,0.04741,0.01292,-0.064759,71.6769,328.2366,288.3895,11645.0669,-4.405956,4.240817
523,11192.0,0.04133,0.00719,0.245304,195.4565,-0.0,195.4565,10996.5435,-8.078215,-0.0
524,10836.0,0.03706,0.0055,0.141882,-273.0036,-0.0,0.0,11109.0036,10.117514,-0.0
525,10748.0,0.03535,0.0055,0.415252,56.7031,260.1861,273.0036,10799.3397,1.814859,1.431023
526,12086.0,0.03467,0.00605,0.214081,65.7986,294.2646,324.3433,12083.198,-0.097147,1.780301
527,10578.0,0.03393,0.00552,0.480671,80.9673,360.7298,321.5413,10670.425,3.135982,1.991228
528,9954.0,0.03277,0.00552,0.38943,174.2484,421.9073,413.9663,9944.055,-0.325898,2.328928
529,10418.0,0.03211,0.006,0.348883,126.5322,252.2628,404.0213,10379.478,-1.236943,1.513577
530,9380.0,0.03079,0.00527,0.6059,132.8023,302.4962,365.4993,9430.4802,1.554286,1.594155
531,10696.0,0.03074,0.00429,0.374836,166.7347,280.5911,415.9795,10634.4408,-1.892329,1.203736
532,9972.0,0.03136,0.00475,0.07408,55.5828,353.8112,354.4203,9942.6275,-0.921122,1.680603
533,9814.0,0.03363,0.00552,-0.043124,-39.0363,199.6813,325.0478,9844.4252,1.023198,1.102241
534,10136.0,0.0355,0.00565,0.06717,127.8897,309.0595,355.473,10028.8699,-3.803118,1.746186
535,12138.0,0.04117,0.01002,-0.294089,33.717,306.7188,248.3429,12014.0803,-5.101773,3.073322
536,10646.0,0.04274,0.00775,-0.080323,-161.6848,411.6565,124.4232,10774.6192,5.497184,3.190338
537,10764.0,0.04225,0.00805,-0.178772,54.0807,281.0873,253.0424,10659.6687,-4.407996,2.262753
538,11074.0,0.04268,0.00805,0.11844,-296.973,65.4716,148.7111,11378.7274,13.005765,0.527046
539,11476.0,0.04254,0.00719,-0.437908,203.027,343.9182,453.4385,11122.3686,-15.043481,2.472772
540,11226.0,0.04132,0.00655,-0.501475,69.4698,53.7302,99.8071,11129.5859,-3.983832,0.351933
541,11348.0,0.04128,0.0063,-0.747129,-311.7751,33.9298,3.393,11634.4252,11.823632,0.213758
542,11520.0,0.04117,0.00655,-0.742117,20.8773,306.6959,289.8182,11271.5183,-10.229992,2.008858
543,11374.0,0.04343,0.00605,-0.502102,-239.2202,298.9395,41.3365,11463.1222,3.870576,1.808584
544,11380.0,0.04866,0.009,-0.416006,-146.222,304.6591,130.4586,11399.482,0.947992,2.741932
545,11424.0,0.0648,0.01887,-0.367748,-36.8365,298.3459,149.9406,11351.1205,-4.722593,5.629788
546,11376.0,0.05802,0.01021,-0.310831,-157.6908,353.305,77.0611,11423.8725,2.777562,3.607245
547,11194.0,0.04759,0.00629,-0.188378,-100.8739,329.7882,124.9335,11232.7491,1.844068,2.074368
548,10924.0,0.04436,0.00586,-0.363162,-51.661,365.9887,163.6826,10842.748,-3.60434,2.144694
549,10756.0,0.04245,0.00581,-0.116864,-109.3077,393.4311,82.4306,10819.3296,2.688343,2.285835
550,10582.0,0.03671,0.00605,0.058138,-100.5698,230.3896,145.7602,10695.9643,4.183629,1.393857
551,10354.0,0.03774,0.00552,0.128312,23.9714,276.793,259.7245,10365.5445,0.43569,1.527897
552,10306.0,0.03525,0.00675,0.218671,-18.7461,333.8275,271.269,10397.7446,3.233998,2.253336
553,10322.0,0.03396,0.00552,0.229216,41.7912,417.2473,363.0136,10375.8484,1.82869,2.303205
554,11706.0,0.03165,0.00552,0.619628,177.8067,322.8268,416.862,11728.2258,0.703445,1.782004
555,10096.0,0.03172,0.00552,0.44556,175.5291,358.976,439.0878,10080.4163,-0.494313,1.981548
556,9998.0,0.03325,0.00552,0.266612,172.5034,563.6991,423.5041,9975.7855,-0.738633,3.111619
557,10242.0,0.03512,0.00675,0.034183,129.7051,316.2341,401.2896,10123.1047,-4.175604,2.13458
558,10174.0,0.04318,0.01872,-0.201461,100.8658,355.6875,282.3942,10001.4771,-7.449539,6.658469
559,10300.0,0.05503,0.01045,-0.424879,-83.2093,255.8981,109.8713,10274.4835,-1.404173,2.674135
560,10328.0,0.05096,0.00853,-0.514195,-151.3382,235.5114,84.3548,10358.2395,1.541004,2.008912
561,10670.0,0.04777,0.00655,-0.401196,-147.163,219.3112,114.5943,10729.1763,2.82685,1.436489
562,10808.0,0.04199,0.00605,-0.227352,-69.354,351.8935,173.7706,10797.3503,-0.447179,2.128956
563,10800.0,0.04055,0.00605,-0.159263,-116.9586,387.9955,163.1209,10855.1653,2.236954,2.347373
564,11030.0,0.03771,0.00605,-0.287865,-140.8569,0.0,218.2863,11170.8569,5.311713,0.0
565,10942.0,0.03716,0.00605,-0.017858,88.374,258.4708,359.1431,10849.0102,-3.4555,1.563748
566,11134.0,0.03775,0.00605,0.149277,-4.6544,279.0708,266.1533,11180.3133,1.748326,1.688378
567,11156.0,0.03927,0.00605,0.076835,-151.9516,0.0,312.4666,11307.9516,5.967138,0.0
568,11290.0,0.0453,0.00642,-0.086015,64.5648,91.0424,464.4182,11217.6041,-3.279532,0.584492
569,12812.0,0.06098,0.01563,0.056143,-90.0314,39.9534,392.0223,12904.2745,5.626897,0.624471
570,11210.0,0.05335,0.01299,0.083461,343.0806,157.032,484.2968,10880.0255,-17.604139,2.039846
571,11112.0,0.04628,0.00692,-0.255992,-92.6206,337.8476,154.3223,11118.1344,0.283898,2.337905
572,10820.0,0.04196,0.00605,-0.20695,-7.0389,289.9907,160.4567,10767.0254,-2.222813,1.754444
573,11130.0,0.03962,0.00605,-0.097564,107.4821,-0.0,107.4821,11022.5179,-4.258441,-0.0
574,10814.0,0.03829,0.00605,-0.271106,-268.7115,-0.0,0.0,11082.7115,10.288962,-0.0
575,10688.0,0.03653,0.00552,-0.161564,52.8503,334.7954,268.7115,10581.0588,-3.906561,1.848071
576,10262.0,0.03567,0.00552,-0.441234,-7.8442,304.1935,161.7703,10135.6237,-4.507841,1.679148
577,10130.0,0.03463,0.006,-0.036965,-217.726,353.9401,35.394,10334.6428,7.08678,2.123641
578,9952.0,0.03314,0.00527,0.246826,-30.413,315.5839,240.0368,10060.3072,3.589301,1.663127
579,9870.0,0.03327,0.00484,0.129565,122.8032,322.2315,348.344,9788.9469,-2.696638,1.5596
580,9890.0,0.0335,0.00514,0.177134,-4.3582,418.512,267.2909,9968.4909,2.629446,2.151152
581,9836.0,0.03556,0.00552,-0.397332,19.8193,323.5429,345.7818,9687.6266,-5.276157,1.785957
582,10408.0,0.04127,0.00939,-0.552396,-49.2347,337.6233,197.4084,10270.7331,-5.665006,3.170282
583,10904.0,0.05358,0.01826,-0.478928,-160.4005,327.0804,60.1415,10907.7524,0.201054,5.972489
584,11458.0,0.05586,0.016,-0.595065,-132.6804,314.5179,63.8939,11403.5217,-3.04316,5.032286
585,11960.0,0.05021,0.01005,-0.289132,-134.8999,94.1556,9.4156,12067.6765,5.406438,0.946264
586,12444.0,0.04592,0.00805,0.222556,-160.9422,386.3184,117.0921,12690.9198,11.338559,3.109863
587,14734.0,0.04604,0.00805,-0.091938,104.9224,333.9591,364.0119,14598.3741,-6.244218,2.688371
588,12836.0,0.04458,0.00655,-0.253195,-131.7451,232.4859,228.386,12908.8808,3.249024,1.522782
589,12750.0,0.04598,0.00655,-0.138098,58.4723,373.3838,301.2667,12639.9642,-5.059447,2.445664
590,12862.0,0.04572,0.0063,0.250872,82.2873,60.9512,191.2309,12795.0036,-3.063073,0.383992
591,13048.0,0.04615,0.00605,-0.080768,-187.8827,0.0,124.2346,13235.8827,8.670787,0.0
592,12576.0,0.05147,0.0069,-0.005788,25.224,471.3844,312.1173,12548.0475,-1.438713,3.252552
593,12292.0,0.06535,0.01308,0.396345,114.9594,153.8231,284.1648,12238.0076,-3.528404,2.012007
594,12154.0,0.05856,0.0083,-0.066129,-53.0687,326.995,230.1724,12185.4449,1.841416,2.714058
595,11688.0,0.05355,0.00607,-0.331432,-119.7032,0.0,261.6174,11807.7032,6.410107,0.0
596,11044.0,0.04419,0.0055,-0.341767,222.8215,310.4553,381.3206,10715.0751,-14.535192,1.707504
597,12200.0,0.04194,0.00605,-0.370855,-222.3069,373.3642,52.3957,12283.843,3.516375,2.258853
598,11096.0,0.03898,0.00605,-0.099369,-121.6251,223.2054,136.2386,11195.4454,3.876383,1.350393
599,10860.0,0.03767,0.00552,-0.021362,43.3314,296.8391,235.6841,10810.3276,-1.871158,1.638552
600,10562.0,0.03177,0.0058,-0.406513,-57.386,354.4134,186.0117,10475.3124,-2.754064,2.055598
601,10420.0,0.03133,0.00552,-0.191494,-139.3951,323.7465,99.3241,10497.3994,2.424925,1.787081
602,10224.0,0.03002,0.00552,-0.270679,-86.3542,332.4651,176.7236,10220.3627,-0.109191,1.835207
603,10030.0,0.02952,0.00435,0.077369,-69.1078,329.9342,173.0863,10124.6345,2.79361,1.435214
604,10002.0,0.0308,0.00552,-0.080043,-11.757,220.1125,267.7208,9996.1386,-0.180532,1.215021
605,10076.0,0.03245,0.00726,-0.200087,-4.1923,438.4812,261.8594,9992.4578,-2.710944,3.183373
606,10464.0,0.03574,0.00959,-0.031017,-115.9366,289.3646,178.3172,10570.9615,3.822806,2.775007
607,12214.0,0.04067,0.01134,0.144581,-34.9118,445.908,285.2788,12313.3818,4.041858,5.056597
608,12422.0,0.04133,0.00773,0.207018,68.1519,165.7848,384.6606,12388.1685,-1.398257,1.281516
609,12224.0,0.03876,0.00605,-0.215568,119.8792,291.4724,350.8291,12041.2887,-7.081892,1.763408
610,12896.0,0.03658,0.00605,-0.043308,-129.8977,286.5774,168.1177,13013.4865,4.297655,1.733793
611,12614.0,0.03636,0.00605,-0.260029,-107.1979,-0.0,285.6042,12721.1979,3.897716,-0.0
612,12852.0,0.03636,0.00605,-0.143261,212.1831,0.0,392.8021,12639.8169,-7.714977,0.0
613,12886.0,0.03636,0.00605,-0.420667,135.2287,73.2986,180.619,12719.937,-6.038052,0.443456
614,12984.0,0.03636,0.00605,-0.21731,-242.722,0.0,14.556,13226.722,8.825373,0.0
615,12794.0,0.03682,0.00605,-0.340434,222.4099,0.0,257.278,12571.5901,-8.189133,0.0
616,12680.0,0.04078,0.009,-0.537505,-238.1542,266.8059,34.8681,12774.7447,3.863687,2.401253
617,12762.0,0.05623,0.01556,-0.246088,-63.2707,388.2007,129.6127,12729.739,-1.814033,6.040403
618,12190.0,0.05002,0.01473,-0.131405,97.3518,-0.0,97.3518,12092.6482,-4.869536,-0.0
619,11814.0,0.04112,0.009,-0.233628,-100.0,-0.0,0.0,11914.0,4.112,-0.0
620,11706.0,0.03904,0.00605,0.144038,-171.6151,521.4862,100.0,11952.729,9.6323,3.154992
621,11638.0,0.03636,0.00605,0.011085,55.4247,405.1708,346.729,11587.0667,-1.851935,2.451283
622,11282.0,0.03591,0.00605,0.015377,62.7486,281.6365,295.7957,11223.5823,-2.097781,1.703901
623,10712.0,0.03429,0.00552,0.070694,-42.012,427.1575,237.378,10784.2095,2.476063,2.357909
624,10648.0,0.03218,0.00552,-0.083306,-4.7305,493.4581,309.5874,10611.6225,-1.170627,2.723889
625,10498.0,0.03107,0.00524,0.041171,115.7072,242.4972,273.21,10392.2765,-3.284828,1.270685
626,10170.0,0.02885,0.004,-0.086482,-98.5697,241.8693,167.4865,10247.6525,2.240273,0.967477
627,10560.0,0.02881,0.004,-0.155422,20.9069,320.2044,245.139,10489.3264,-2.036106,1.280818
628,11216.0,0.02977,0.00492,0.183215,-94.5617,238.7358,174.4654,11354.3017,4.117242,1.17458
629,10362.0,0.03241,0.00552,-0.091518,18.8463,252.606,312.7671,10320.0358,-1.360059,1.394385
630,10594.0,0.03577,0.00607,-0.59945,-28.5096,408.7587,270.8029,10377.4793,-7.744946,2.481165
631,11064.0,0.0476,0.01257,-0.095181,-171.8201,284.9987,54.2822,11208.6936,6.887413,3.582434
632,11600.0,0.04434,0.01091,0.489466,-9.1262,200.2711,198.9758,11707.1521,4.751125,2.184957
633,12122.0,0.03944,0.0075,0.27794,306.1279,0.0,306.1279,11815.8721,-12.073684,0.0
634,12162.0,0.03712,0.00623,-0.217649,-193.8721,0.0,0.0,12355.8721,7.196533,0.0
635,12542.0,0.03594,0.00605,-0.231543,-153.0639,0.0,193.8721,12695.0639,5.501118,0.0
636,14766.0,0.03514,0.00573,-0.236626,46.0959,331.4992,346.9361,14641.4626,-4.376245,1.899491
637,12842.0,0.03467,0.00666,-0.219253,144.8945,0.0,222.3986,12697.1055,-5.023492,0.0
638,12620.0,0.03467,0.00668,-0.409385,-63.2558,0.0,77.5041,12683.2558,2.19308,0.0
639,12534.0,0.03614,0.00605,-0.179535,2.0152,0.0,140.76,12531.9848,-0.072829,0.0
640,12320.0,0.04087,0.009,-0.01926,127.4982,0.0,138.7448,12192.5018,-5.210851,0.0
641,12176.0,0.05727,0.01868,-0.343214,-254.3684,112.466,11.2466,12391.7685,12.35706,2.100864
642,12608.0,0.05314,0.01863,-0.103587,105.2775,266.2519,227.0151,12475.1421,-7.060067,4.960272
643,12978.0,0.043,0.0077,0.3739,-353.127,0.0,94.1572,13331.127,15.18446,0.0
644,11736.0,0.04115,0.00605,0.318256,105.7587,452.8631,447.2842,11774.3679,1.578839,2.739822
645,11310.0,0.03673,0.00597,0.164481,233.2042,143.4795,485.652,11100.3954,-7.698776,0.856573
646,10756.0,0.03521,0.00605,0.09212,56.6636,344.4477,276.0475,10731.0669,-0.877896,2.083908
647,10454.0,0.03464,0.007,0.204446,-22.7349,227.4941,251.1143,10523.2453,2.398656,1.592459
648,10198.0,0.03476,0.0079,-0.227413,137.7561,288.5423,320.3596,9994.6256,-7.069295,2.279484
649,11628.0,0.03242,0.00763,-0.134394,-128.1818,337.4288,116.9852,11710.8335,2.685462,2.574582
650,10144.0,0.03127,0.00675,-0.186697,-26.4,466.5459,199.8187,10083.2971,-1.89818,3.149185
651,9732.0,0.03021,0.00552,0.266498,-164.3877,482.1651,139.1157,10024.884,8.848026,2.661552
652,9796.0,0.0305,0.00675,0.161556,130.409,238.5498,431.9997,9704.1301,-2.802033,1.610211
653,9890.0,0.03173,0.01326,0.488102,59.3488,244.5489,340.1298,9950.016,1.904308,3.242718
654,10202.0,0.03554,0.01722,0.123254,-3.4506,49.6506,400.1458,10211.5702,0.340126,0.854984
655,10648.0,0.03753,0.016,0.221637,-50.9774,70.582,409.7161,10714.621,2.500285,1.129312
656,13210.0,0.0379,0.01063,0.236496,218.5822,236.6296,476.337,13047.3798,-6.163307,2.515373
657,11892.0,0.03597,0.00705,-0.013818,313.7168,-0.0,313.7168,11578.2832,-11.284393,-0.0
658,12600.0,0.03209,0.00646,0.028663,-186.2832,-0.0,0.0,12786.2832,5.977828,-0.0
659,12552.0,0.03101,0.00614,0.288252,110.8502,0.0,186.2832,12441.1498,-3.437464,0.0
660,12492.0,0.02909,0.00605,0.144955,65.1804,0.0,75.433,12426.8196,-1.896099,0.0
661,12848.0,0.0281,0.00566,-0.263516,-80.0664,0.0,10.2526,12928.0664,2.249865,0.0
662,12714.0,0.02777,0.00605,-0.201501,-204.8405,0.0,90.319,12918.8405,5.688421,0.0
663,14868.0,0.0305,0.00643,-0.349659,1.9066,336.8747,295.1595,14748.3023,-3.650781,2.166104
664,12392.0,0.03506,0.009,-0.337559,175.4617,-0.0,175.4617,12216.5383,-6.151689,-0.0
665,12648.0,0.04638,0.01629,-0.271119,-124.1146,-0.0,0.0,12772.1146,5.756434,-0.0
666,12218.0,0.04289,0.01168,-0.578582,5.7053,175.4859,124.1146,12110.7617,-4.599451,2.049675
667,11892.0,0.03906,0.00794,-0.789382,16.8763,0.0,16.8763,11875.1237,-0.659187,0.0
668,11454.0,0.03373,0.00648,-0.485982,-100.0,-0.0,0.0,11554.0,3.373,-0.0
669,11294.0,0.03235,0.00605,-0.479484,-158.7087,342.7423,100.0,11288.3691,-0.182159,2.073591
670,12922.0,0.03029,0.00659,-0.923857,-151.9367,252.026,94.3691,12841.1008,-2.450437,1.660851
671,10898.0,0.03071,0.00552,-0.520227,-129.7652,134.6989,13.4699,10957.6912,1.833116,0.743538
672,10812.0,0.02911,0.00552,-0.330249,-182.5984,274.502,73.1611,10903.9445,2.676503,1.515251
673,10250.0,0.02678,0.00534,-0.404739,-99.5052,267.6379,165.1055,10241.1817,-0.236154,1.429186
674,9944.0,0.02626,0.00559,-0.593257,-129.694,357.7682,156.2872,9861.4455,-2.167881,1.999924
675,9838.0,0.02518,0.00466,-0.261065,-156.5826,417.918,73.7327,9885.4788,1.195516,1.947498
676,9820.0,0.02591,0.00563,-0.118942,-150.4575,197.9509,121.2115,9946.9129,3.288312,1.114464
677,10846.0,0.02626,0.00604,0.434966,-138.5495,122.7134,248.1243,11037.9257,5.039969,0.741189
678,10942.0,0.02637,0.00553,0.418666,107.2065,274.4695,440.05,10949.7046,0.203169,1.517816
679,11102.0,0.02805,0.00742,0.399294,-52.2454,-0.0,447.7546,11154.2454,1.465483,-0.0
680,11254.0,0.02833,0.00605,0.262747,-0.0,-0.0,500.0,11254.0,0.0,-0.0
681,11900.0,0.029,0.00605,0.376751,462.4405,-0.0,500.0,11437.5595,-13.410774,-0.0
682,12296.0,0.02855,0.00535,0.420082,-37.5595,99.1645,37.5595,12375.2167,2.261637,0.53053
683,12390.0,0.02827,0.00605,0.590441,116.7762,0.0,116.7762,12273.2238,-3.301264,0.0
684,14584.0,0.02775,0.00605,0.32814,-0.0,-0.0,0.0,14584.0,0.0,-0.0
685,12806.0,0.02783,0.00605,0.150315,-250.0,0.0,0.0,13056.0,6.9575,0.0
686,12612.0,0.0282,0.00605,0.007334,79.924,223.523,250.0,12533.7152,-2.207632,1.352314
687,12362.0,0.02943,0.00605,0.179477,84.8394,136.2389,171.7152,12301.6123,-1.777211,0.824245
688,12226.0,0.03186,0.00605,0.46425,-79.3782,281.1767,111.3275,12435.9144,6.687873,1.701119
689,11916.0,0.03867,0.01486,0.247242,321.2419,0.0,321.2419,11594.7581,-12.422423,0.0
690,13668.0,0.03562,0.01044,0.091982,-98.8643,-0.0,0.0,13766.8643,3.521546,-0.0
691,11508.0,0.03367,0.00605,0.138083,98.8643,-0.0,98.8643,11409.1357,-3.328761,-0.0
692,11474.0,0.03008,0.0055,0.049495,-0.0,-0.0,0.0,11474.0,0.0,-0.0
693,11054.0,0.02904,0.0055,0.246573,-100.0,-0.0,0.0,11154.0,2.904,-0.0
694,10588.0,0.02742,0.00579,-0.310461,-126.6364,282.5236,100.0,10626.9237,1.067289,1.635811
695,10176.0,0.02716,0.00414,-0.414721,-32.6599,325.0435,138.9237,10073.8575,-2.774189,1.34568
696,10186.0,0.02763,0.00527,-0.483172,-244.4283,285.0032,36.7813,10292.7226,2.948745,1.501967
697,11722.0,0.02525,0.00492,-0.872858,-94.9289,268.5697,143.5038,11582.5058,-3.522227,1.321363
698,10052.0,0.02513,0.00492,-0.866644,-127.4698,40.0968,4.0097,10144.7201,2.330056,0.197276
699,10152.0,0.02523,0.00482,-0.851317,-171.5061,345.0256,96.7298,10029.7799,-3.083613,1.663024
700,9744.0,0.02525,0.00552,-0.682731,-373.2241,-0.0,0.0,10117.2241,9.423908,-0.0
701,9868.0,0.02669,0.00552,-0.267196,89.8579,363.4676,373.2241,9681.0251,-4.990359,2.006341
702,9966.0,0.03388,0.0074,-0.25431,-184.2448,142.6715,186.2492,10113.962,5.012953,1.055769
703,10094.0,0.04653,0.01886,-0.417512,109.5954,246.3163,334.2112,9881.5647,-9.884613,4.645525
704,10302.0,0.04737,0.01554,-0.325664,-189.112,0.0,121.776,10491.112,8.958236,0.0
705,12392.0,0.0414,0.00974,-0.01343,83.8274,268.8796,310.888,12304.5617,-3.619946,2.618888
706,11274.0,0.03704,0.00705,-0.224783,-78.7117,274.4389,223.4497,11291.0225,0.630512,1.934794
707,11370.0,0.03549,0.00705,-0.368914,-129.7639,0.0,240.4721,11499.7639,4.605322,0.0
708,11742.0,0.03517,0.00706,-0.153805,370.2361,0.0,370.2361,11371.7639,-13.021202,0.0
709,12040.0,0.03444,0.00705,-0.164091,-129.7639,0.0,0.0,12169.7639,4.46907,0.0
710,11794.0,0.03509,0.00706,0.019378,45.3823,0.0,129.7639,11748.6177,-1.592463,0.0
711,12454.0,0.0392,0.00705,0.011531,-201.8374,240.101,84.3817,12658.6061,8.020557,1.692712
712,12952.0,0.04549,0.01288,0.163014,-59.0049,247.6198,288.9877,13051.3705,4.520364,3.189343
713,12026.0,0.06069,0.028,-0.105456,-55.8209,0.0,388.3582,12081.8209,3.387769,0.0
714,11452.0,0.05504,0.02238,-0.081751,240.9267,299.7395,444.1791,11186.5693,-14.609304,6.70817
715,11230.0,0.04128,0.00875,-0.107665,-53.1554,316.7329,178.7485,11249.0543,0.786563,2.771413
716,10876.0,0.03686,0.00605,-0.348245,197.8028,-0.0,197.8028,10678.1972,-7.291011,-0.0
717,10898.0,0.03333,0.00605,-0.605149,-236.264,-0.0,0.0,11134.264,7.874679,-0.0
718,10562.0,0.03109,0.00586,-0.302997,-28.2968,323.3071,236.264,10492.3358,-2.165859,1.89458
719,12076.0,0.02985,0.00462,-0.304457,166.5998,-0.0,166.5998,11909.4002,-4.973005,-0.0
